,timestamp_mdf,GPS_Week,GPS_Seconds,Latitude_deg,Longitude_deg,Height_m,Undulation_m,North_Velocity_m_invert_s,East_Velocity_m_invert_s,Up_Velocity_m_invert_s,Roll_deg,Pitch_deg,Azimuth_deg,INS_Status,Latitude_Sigma,Longitude_Sigma,Height_Sigma,North_Vel_Sigma,East_Vel_Sigma,Up_Vel_Sigma,Roll_Sigma,Pitch_Sigma,Azimuth_Sigma
0,1645015682991090.5,2197,305037.000,50.00327811775,9.23724376035,152.8215,48.3000,0.8910,-2.0092,-0.2739,-5.370384863,1.863501510,23.948233968,INS_SOLUTION_GOOD,1.0913,0.6671,1.1227,0.0064,0.0042,0.0021,0.0101,0.0118,0.0826
1,1645015682999521.8,2197,305038.000,50.00328527128,9.23721804559,152.5656,48.3000,0.7167,-1.6625,-0.2329,-5.258865588,1.299213853,23.167940105,INS_SOLUTION_GOOD,1.0927,0.6680,1.1240,0.0065,0.0043,0.0022,0.0100,0.0116,0.0828
2,1645015683009423.0,2197,305039.000,50.00329074577,9.23719782680,152.3681,48.3000,0.5222,-1.3869,-0.1847,-4.889597608,0.148394154,19.063258181,INS_SOLUTION_GOOD,1.0945,0.6692,1.1258,0.0065,0.0043,0.0023,0.0101,0.0116,0.0829
3,1645015683019376.8,2197,305040.000,50.00329427000,9.23717780129,152.1839,48.3000,0.2425,-1.4922,-0.1629,-4.113282257,-1.868266321,6.706377993,INS_SOLUTION_GOOD,1.0963,0.6703,1.1277,0.0066,0.0046,0.0024,0.0108,0.0118,0.0825
4,1645015683029398.2,2197,305041.000,50.00329430627,9.23715575004,152.0069,48.3000,-0.2167,-1.6226,-0.1513,-2.375016779,-2.792012855,349.978145770,INS_SOLUTION_GOOD,1.0982,0.6723,1.1297,0.0064,0.0044,0.0025,0.0113,0.0123,0.0816
5,1645015683039389.2,2197,305042.000,50.00329022320,9.23713465229,151.8853,48.3000,-0.6672,-1.3134,-0.0882,-0.738780221,-3.368902374,330.176486207,INS_SOLUTION_GOOD,1.1000,0.6731,1.1316,0.0067,0.0045,0.0027,0.0115,0.0128,0.0813
6,1645015683049405.2,2197,305043.000,50.00328325439,9.23711961157,151.8185,48.3000,-0.8550,-0.8321,-0.0433,0.993539464,-3.616543026,311.000117831,INS_SOLUTION_GOOD,1.1028,0.6740,1.1347,0.0076,0.0048,0.0028,0.0121,0.0136,0.0810
7,1645015683059711.5,2197,305044.000,50.00327585621,9.23711092480,151.7978,48.3000,-0.7656,-0.4643,-0.0251,1.862855133,-3.562839244,299.642476406,INS_SOLUTION_GOOD,1.1072,0.6761,1.1393,0.0081,0.0054,0.0029,0.0124,0.0139,0.0807
8,1645015683069374.0,2197,305045.000,50.00326928020,9.23710528675,151.7744,48.3000,-0.6671,-0.3225,0.0008,2.385524331,-3.380542400,295.014640785,INS_SOLUTION_GOOD,1.1119,0.6793,1.1440,0.0079,0.0055,0.0030,0.0124,0.0139,0.0805
9,1645015683080590.5,2197,305046.000,50.00326550548,9.23710266604,151.7834,48.3000,-0.0493,-0.0160,0.0148,2.085410613,-3.548268111,294.550629094,INS_SOLUTION_GOOD,1.1158,0.6811,1.1485,0.0076,0.0052,0.0031,0.0124,0.0140,0.0803
10,1645015683089374.5,2197,305047.000,50.00326546568,9.23710252616,151.7848,48.3000,-0.0072,-0.0041,-0.0012,2.204487053,-3.529116124,294.543926968,INS_SOLUTION_GOOD,1.1195,0.6823,1.1527,0.0070,0.0050,0.0032,0.0122,0.0137,0.0804
11,1645015683099357.8,2197,305048.000,50.00326541751,9.23710242672,151.7827,48.3000,-0.0073,-0.0060,-0.0049,2.204901837,-3.530383664,294.541268564,INS_SOLUTION_GOOD,1.1224,0.6833,1.1560,0.0067,0.0050,0.0032,0.0127,0.0139,0.0798
12,1645015683109418.8,2197,305049.000,50.00326558640,9.23710255278,151.8196,48.3000,0.0022,0.0004,-0.0010,2.233913775,-3.524276800,294.552045674,INS_SOLUTION_GOOD,1.1251,0.6850,1.1590,0.0015,0.0014,0.0014,0.0089,0.0096,0.0796
13,1645015683119507.0,2197,305050.000,50.00326562855,9.23710255344,151.8234,48.3000,-0.0009,-0.0002,-0.0012,2.226784198,-3.521913368,294.548470205,INS_SOLUTION_GOOD,1.1016,0.6820,1.1314,0.0013,0.0013,0.0010,0.0082,0.0085,0.0793
14,1645015683129378.2,2197,305051.000,50.00326562532,9.23710255095,151.8255,48.3000,0.0005,-0.0002,-0.0009,2.230431564,-3.523554588,294.550688320,INS_SOLUTION_GOOD,1.0973,0.6808,1.1268,0.0013,0.0013,0.0009,0.0081,0.0080,0.0795
15,1645015683140218.5,2197,305052.000,50.00326563254,9.23710254856,151.8259,48.3000,0.0004,0.0001,-0.0025,2.229831096,-3.523118377,294.549064674,INS_SOLUTION_GOOD,1.0940,0.6792,1.1234,0.0013,0.0013,0.0009,0.0077,0.0075,0.0798
16,1645015683149469.5,2197,305053.000,50.00326564310,9.23710253472,151.8282,48.3000,0.0010,-0.0006,-0.0015,2.229824265,-3.525139627,294.549188842,INS_SOLUTION_GOOD,1.0916,0.6778,1.1209,0.0013,0.0013,0.0008,0.0075,0.0072,0.0801
17,1645015683159413.0,2197,305054.000,50.00326564618,9.23710252837,151.8289,48.3000,0.0004,-0.0001,-0.0007,2.229184514,-3.520252385,294.550250879,INS_SOLUTION_GOOD,1.0894,0.6765,1.1187,0.0013,0.0013,0.0008,0.0075,0.0072,0.0804
18,1645015683169446.5,,,,,,,,,,,,,,,,,,,,,,
19,1645015683179450.8,,,,,,,,,,,,,,,,,,,,,,
20,1645015683189378.0,,,,,,,,,,,,,,,,,,,,,,
21,1645015683199433.0,,,,,,,,,,,,,,,,,,,,,,
22,1645015683209447.5,,,,,,,,,,,,,,,,,,,,,,
23,1645015683219407.2,,,,,,,,,,,,,,,,,,,,,,
24,1645015683229381.8,,,,,,,,,,,,,,,,,,,,,,
25,1645015683239547.8,,,,,,,,,,,,,,,,,,,,,,
26,1645015683249387.0,,,,,,,,,,,,,,,,,,,,,,
27,1645015683259383.8,,,,,,,,,,,,,,,,,,,,,,
28,1645015683269425.8,,,,,,,,,,,,,,,,,,,,,,
29,1645015683279421.5,,,,,,,,,,,,,,,,,,,,,,
30,1645015683289441.0,,,,,,,,,,,,,,,,,,,,,,
31,1645015683299476.5,,,,,,,,,,,,,,,,,,,,,,
32,1645015683309393.0,,,,,,,,,,,,,,,,,,,,,,
33,1645015683319500.8,,,,,,,,,,,,,,,,,,,,,,
34,1645015683329435.5,,,,,,,,,,,,,,,,,,,,,,
35,1645015683339502.0,,,,,,,,,,,,,,,,,,,,,,
36,1645015683366625.8,,,,,,,,,,,,,,,,,,,,,,
37,1645015683370266.8,,,,,,,,,,,,,,,,,,,,,,
38,1645015683379774.5,,,,,,,,,,,,,,,,,,,,,,
39,1645015683380408.5,,,,,,,,,,,,,,,,,,,,,,
40,1645015683381044.2,,,,,,,,,,,,,,,,,,,,,,
41,1645015683389643.0,,,,,,,,,,,,,,,,,,,,,,
42,1645015683403506.0,,,,,,,,,,,,,,,,,,,,,,
43,1645015683409530.8,,,,,,,,,,,,,,,,,,,,,,
44,1645015683419820.5,,,,,,,,,,,,,,,,,,,,,,
45,1645015683429701.5,,,,,,,,,,,,,,,,,,,,,,
46,1645015683440196.0,,,,,,,,,,,,,,,,,,,,,,
47,1645015683449440.0,,,,,,,,,,,,,,,,,,,,,,
48,1645015683459648.2,,,,,,,,,,,,,,,,,,,,,,
49,1645015683469434.8,,,,,,,,,,,,,,,,,,,,,,
50,1645015683479787.0,,,,,,,,,,,,,,,,,,,,,,
51,1645015683489386.5,,,,,,,,,,,,,,,,,,,,,,
52,1645015683499393.0,,,,,,,,,,,,,,,,,,,,,,
53,1645015683509838.5,,,,,,,,,,,,,,,,,,,,,,
54,1645015683519488.0,,,,,,,,,,,,,,,,,,,,,,
55,1645015683529346.5,,,,,,,,,,,,,,,,,,,,,,
56,1645015683540383.8,,,,,,,,,,,,,,,,,,,,,,
57,1645015683549448.2,,,,,,,,,,,,,,,,,,,,,,
58,1645015683559418.2,,,,,,,,,,,,,,,,,,,,,,
59,1645015683569462.8,,,,,,,,,,,,,,,,,,,,,,
60,1645015683579687.0,,,,,,,,,,,,,,,,,,,,,,
61,1645015683589351.2,,,,,,,,,,,,,,,,,,,,,,
62,1645015683599393.8,,,,,,,,,,,,,,,,,,,,,,
63,1645015683609468.2,,,,,,,,,,,,,,,,,,,,,,
64,1645015683619477.0,,,,,,,,,,,,,,,,,,,,,,
65,1645015683629365.0,,,,,,,,,,,,,,,,,,,,,,
66,1645015683639461.0,,,,,,,,,,,,,,,,,,,,,,
67,1645015683649365.8,,,,,,,,,,,,,,,,,,,,,,
68,1645015683659549.2,,,,,,,,,,,,,,,,,,,,,,
69,1645015683669517.8,,,,,,,,,,,,,,,,,,,,,,
70,1645015683679418.2,,,,,,,,,,,,,,,,,,,,,,
71,1645015683689377.2,,,,,,,,,,,,,,,,,,,,,,
72,1645015683699822.5,,,,,,,,,,,,,,,,,,,,,,
73,1645015683709366.8,,,,,,,,,,,,,,,,,,,,,,
74,1645015683719421.5,,,,,,,,,,,,,,,,,,,,,,
75,1645015683729414.2,,,,,,,,,,,,,,,,,,,,,,
76,1645015683739321.0,,,,,,,,,,,,,,,,,,,,,,
77,1645015683749404.8,,,,,,,,,,,,,,,,,,,,,,
78,1645015683759506.8,,,,,,,,,,,,,,,,,,,,,,
79,1645015683769491.5,,,,,,,,,,,,,,,,,,,,,,
80,1645015683779399.8,,,,,,,,,,,,,,,,,,,,,,
81,1645015683789444.8,,,,,,,,,,,,,,,,,,,,,,
82,1645015683799347.2,,,,,,,,,,,,,,,,,,,,,,
83,1645015683809363.8,,,,,,,,,,,,,,,,,,,,,,
84,1645015683819650.5,,,,,,,,,,,,,,,,,,,,,,
85,1645015683829385.2,,,,,,,,,,,,,,,,,,,,,,
86,1645015683839384.8,,,,,,,,,,,,,,,,,,,,,,
87,1645015683849607.8,,,,,,,,,,,,,,,,,,,,,,
88,1645015683859826.0,,,,,,,,,,,,,,,,,,,,,,
89,1645015683869433.0,,,,,,,,,,,,,,,,,,,,,,
90,1645015683879590.2,,,,,,,,,,,,,,,,,,,,,,
91,1645015683889407.8,,,,,,,,,,,,,,,,,,,,,,
92,1645015683899377.5,,,,,,,,,,,,,,,,,,,,,,
93,1645015683909527.5,,,,,,,,,,,,,,,,,,,,,,
94,1645015683919617.2,,,,,,,,,,,,,,,,,,,,,,
95,1645015683929412.2,,,,,,,,,,,,,,,,,,,,,,
96,1645015683939547.2,,,,,,,,,,,,,,,,,,,,,,
97,1645015683949421.8,,,,,,,,,,,,,,,,,,,,,,
98,1645015683959409.2,,,,,,,,,,,,,,,,,,,,,,
99,1645015683969481.5,,,,,,,,,,,,,,,,,,,,,,
100,1645015683979348.8,,,,,,,,,,,,,,,,,,,,,,
101,1645015683990383.0,,,,,,,,,,,,,,,,,,,,,,
102,1645015683999728.5,,,,,,,,,,,,,,,,,,,,,,
103,1645015684009421.2,,,,,,,,,,,,,,,,,,,,,,
104,1645015684019364.0,,,,,,,,,,,,,,,,,,,,,,
105,1645015684029461.5,,,,,,,,,,,,,,,,,,,,,,
106,1645015684039382.5,,,,,,,,,,,,,,,,,,,,,,
107,1645015684049365.5,,,,,,,,,,,,,,,,,,,,,,
108,1645015684059587.2,,,,,,,,,,,,,,,,,,,,,,
109,1645015684069321.2,,,,,,,,,,,,,,,,,,,,,,
110,1645015684080342.5,,,,,,,,,,,,,,,,,,,,,,
111,1645015684089471.2,,,,,,,,,,,,,,,,,,,,,,
112,1645015684099397.2,,,,,,,,,,,,,,,,,,,,,,
113,1645015684109403.2,,,,,,,,,,,,,,,,,,,,,,
114,1645015684119520.8,,,,,,,,,,,,,,,,,,,,,,
115,1645015684129370.0,,,,,,,,,,,,,,,,,,,,,,
116,1645015684140604.2,,,,,,,,,,,,,,,,,,,,,,
117,1645015684149472.0,,,,,,,,,,,,,,,,,,,,,,
118,1645015684159357.0,,,,,,,,,,,,,,,,,,,,,,
119,1645015684169406.0,,,,,,,,,,,,,,,,,,,,,,
120,1645015684179495.8,,,,,,,,,,,,,,,,,,,,,,
121,1645015684189698.2,,,,,,,,,,,,,,,,,,,,,,
122,1645015684199428.2,,,,,,,,,,,,,,,,,,,,,,
123,1645015684209392.0,,,,,,,,,,,,,,,,,,,,,,
124,1645015684219368.5,,,,,,,,,,,,,,,,,,,,,,
125,1645015684229447.8,,,,,,,,,,,,,,,,,,,,,,
126,1645015684239732.2,,,,,,,,,,,,,,,,,,,,,,
127,1645015684249393.0,,,,,,,,,,,,,,,,,,,,,,
128,1645015684259439.8,,,,,,,,,,,,,,,,,,,,,,
129,1645015684269371.0,,,,,,,,,,,,,,,,,,,,,,
130,1645015684279379.8,,,,,,,,,,,,,,,,,,,,,,
131,1645015684289393.2,,,,,,,,,,,,,,,,,,,,,,
132,1645015684299374.5,,,,,,,,,,,,,,,,,,,,,,
133,1645015684309378.5,,,,,,,,,,,,,,,,,,,,,,
134,1645015684319466.5,,,,,,,,,,,,,,,,,,,,,,
135,1645015684329373.0,,,,,,,,,,,,,,,,,,,,,,
136,1645015684339378.2,,,,,,,,,,,,,,,,,,,,,,
137,1645015684376635.5,,,,,,,,,,,,,,,,,,,,,,
138,1645015684380241.8,,,,,,,,,,,,,,,,,,,,,,
139,1645015684381617.5,,,,,,,,,,,,,,,,,,,,,,
140,1645015684382174.8,,,,,,,,,,,,,,,,,,,,,,
141,1645015684382726.8,,,,,,,,,,,,,,,,,,,,,,
142,1645015684389587.2,,,,,,,,,,,,,,,,,,,,,,
143,1645015684399502.8,,,,,,,,,,,,,,,,,,,,,,
144,1645015684409498.2,,,,,,,,,,,,,,,,,,,,,,
145,1645015684419797.0,,,,,,,,,,,,,,,,,,,,,,
146,1645015684429823.8,,,,,,,,,,,,,,,,,,,,,,
147,1645015684440201.2,,,,,,,,,,,,,,,,,,,,,,
148,1645015684449502.0,,,,,,,,,,,,,,,,,,,,,,
149,1645015684459668.8,,,,,,,,,,,,,,,,,,,,,,
150,1645015684469391.2,,,,,,,,,,,,,,,,,,,,,,
151,1645015684479512.2,,,,,,,,,,,,,,,,,,,,,,
152,1645015684489393.5,,,,,,,,,,,,,,,,,,,,,,
153,1645015684499433.0,,,,,,,,,,,,,,,,,,,,,,
154,1645015684509401.5,,,,,,,,,,,,,,,,,,,,,,
155,1645015684519497.8,,,,,,,,,,,,,,,,,,,,,,
156,1645015684529383.2,,,,,,,,,,,,,,,,,,,,,,
157,1645015684539461.0,,,,,,,,,,,,,,,,,,,,,,
158,1645015684549797.2,,,,,,,,,,,,,,,,,,,,,,
159,1645015684559420.8,,,,,,,,,,,,,,,,,,,,,,
160,1645015684569434.5,,,,,,,,,,,,,,,,,,,,,,
161,1645015684579501.5,,,,,,,,,,,,,,,,,,,,,,
162,1645015684589466.8,,,,,,,,,,,,,,,,,,,,,,
163,1645015684599462.5,,,,,,,,,,,,,,,,,,,,,,
164,1645015684609412.2,,,,,,,,,,,,,,,,,,,,,,
165,1645015684619356.0,,,,,,,,,,,,,,,,,,,,,,
166,1645015684629404.2,,,,,,,,,,,,,,,,,,,,,,
167,1645015684639437.8,,,,,,,,,,,,,,,,,,,,,,
168,1645015684649614.2,,,,,,,,,,,,,,,,,,,,,,
169,1645015684659608.2,,,,,,,,,,,,,,,,,,,,,,
170,1645015684669535.2,,,,,,,,,,,,,,,,,,,,,,
171,1645015684679335.0,,,,,,,,,,,,,,,,,,,,,,
172,1645015684689413.8,,,,,,,,,,,,,,,,,,,,,,
173,1645015684699476.8,,,,,,,,,,,,,,,,,,,,,,
174,1645015684709386.2,,,,,,,,,,,,,,,,,,,,,,
175,1645015684719513.5,,,,,,,,,,,,,,,,,,,,,,
176,1645015684729471.5,,,,,,,,,,,,,,,,,,,,,,
177,1645015684740222.8,,,,,,,,,,,,,,,,,,,,,,
178,1645015684749377.0,,,,,,,,,,,,,,,,,,,,,,
179,1645015684759692.5,,,,,,,,,,,,,,,,,,,,,,
180,1645015684769382.8,,,,,,,,,,,,,,,,,,,,,,
181,1645015684779366.0,,,,,,,,,,,,,,,,,,,,,,
182,1645015684789577.5,,,,,,,,,,,,,,,,,,,,,,
183,1645015684799416.0,,,,,,,,,,,,,,,,,,,,,,
184,1645015684809402.8,,,,,,,,,,,,,,,,,,,,,,
185,1645015684819514.8,,,,,,,,,,,,,,,,,,,,,,
186,1645015684829349.0,,,,,,,,,,,,,,,,,,,,,,
187,1645015684839503.0,,,,,,,,,,,,,,,,,,,,,,
188,1645015684849577.8,,,,,,,,,,,,,,,,,,,,,,
189,1645015684859383.8,,,,,,,,,,,,,,,,,,,,,,
190,1645015684869445.0,,,,,,,,,,,,,,,,,,,,,,
191,1645015684879507.0,,,,,,,,,,,,,,,,,,,,,,
192,1645015684889402.8,,,,,,,,,,,,,,,,,,,,,,
193,1645015684899472.8,,,,,,,,,,,,,,,,,,,,,,
194,1645015684909628.0,,,,,,,,,,,,,,,,,,,,,,
195,1645015684919551.8,,,,,,,,,,,,,,,,,,,,,,
196,1645015684929472.8,,,,,,,,,,,,,,,,,,,,,,
197,1645015684939475.0,,,,,,,,,,,,,,,,,,,,,,
198,1645015684949426.0,,,,,,,,,,,,,,,,,,,,,,
199,1645015684959447.0,,,,,,,,,,,,,,,,,,,,,,
200,1645015684969586.2,,,,,,,,,,,,,,,,,,,,,,
201,1645015684979364.0,,,,,,,,,,,,,,,,,,,,,,
202,1645015684990426.0,,,,,,,,,,,,,,,,,,,,,,
203,1645015684999526.5,,,,,,,,,,,,,,,,,,,,,,
204,1645015685009397.5,,,,,,,,,,,,,,,,,,,,,,
205,1645015685019452.2,,,,,,,,,,,,,,,,,,,,,,
206,1645015685029443.0,,,,,,,,,,,,,,,,,,,,,,
207,1645015685039370.0,,,,,,,,,,,,,,,,,,,,,,
208,1645015685049433.5,,,,,,,,,,,,,,,,,,,,,,
209,1645015685059625.8,,,,,,,,,,,,,,,,,,,,,,
210,1645015685069337.0,,,,,,,,,,,,,,,,,,,,,,
211,1645015685080579.8,,,,,,,,,,,,,,,,,,,,,,
212,1645015685089346.2,,,,,,,,,,,,,,,,,,,,,,
213,1645015685099392.5,,,,,,,,,,,,,,,,,,,,,,
214,1645015685109410.5,,,,,,,,,,,,,,,,,,,,,,
215,1645015685119570.2,,,,,,,,,,,,,,,,,,,,,,
216,1645015685129373.2,,,,,,,,,,,,,,,,,,,,,,
217,1645015685139419.8,,,,,,,,,,,,,,,,,,,,,,
218,1645015685149360.8,,,,,,,,,,,,,,,,,,,,,,
219,1645015685159827.8,,,,,,,,,,,,,,,,,,,,,,
220,1645015685169407.2,,,,,,,,,,,,,,,,,,,,,,
221,1645015685179516.0,,,,,,,,,,,,,,,,,,,,,,
222,1645015685189348.8,,,,,,,,,,,,,,,,,,,,,,
223,1645015685199397.0,,,,,,,,,,,,,,,,,,,,,,
224,1645015685209483.0,,,,,,,,,,,,,,,,,,,,,,
225,1645015685219386.2,,,,,,,,,,,,,,,,,,,,,,
226,1645015685229432.8,,,,,,,,,,,,,,,,,,,,,,
227,1645015685239486.0,,,,,,,,,,,,,,,,,,,,,,
228,1645015685249402.2,,,,,,,,,,,,,,,,,,,,,,
229,1645015685259727.0,,,,,,,,,,,,,,,,,,,,,,
230,1645015685269386.0,,,,,,,,,,,,,,,,,,,,,,
231,1645015685279394.0,,,,,,,,,,,,,,,,,,,,,,
232,1645015685289512.0,,,,,,,,,,,,,,,,,,,,,,
233,1645015685299862.0,,,,,,,,,,,,,,,,,,,,,,
234,1645015685309369.8,,,,,,,,,,,,,,,,,,,,,,
235,1645015685319411.2,,,,,,,,,,,,,,,,,,,,,,
236,1645015685329393.8,,,,,,,,,,,,,,,,,,,,,,
237,1645015685361859.5,,,,,,,,,,,,,,,,,,,,,,
238,1645015685363670.5,,,,,,,,,,,,,,,,,,,,,,
239,1645015685377460.2,,,,,,,,,,,,,,,,,,,,,,
240,1645015685378413.8,,,,,,,,,,,,,,,,,,,,,,
241,1645015685379314.8,,,,,,,,,,,,,,,,,,,,,,
242,1645015685380128.8,,,,,,,,,,,,,,,,,,,,,,
243,1645015685389562.8,,,,,,,,,,,,,,,,,,,,,,
244,1645015685399514.5,,,,,,,,,,,,,,,,,,,,,,
245,1645015685414796.5,,,,,,,,,,,,,,,,,,,,,,
246,1645015685419641.2,,,,,,,,,,,,,,,,,,,,,,
247,1645015685429528.2,,,,,,,,,,,,,,,,,,,,,,
248,1645015685440510.8,,,,,,,,,,,,,,,,,,,,,,
249,1645015685449445.0,,,,,,,,,,,,,,,,,,,,,,
250,1645015685459428.8,,,,,,,,,,,,,,,,,,,,,,
251,1645015685469414.5,,,,,,,,,,,,,,,,,,,,,,
252,1645015685479442.0,,,,,,,,,,,,,,,,,,,,,,
253,1645015685489443.2,,,,,,,,,,,,,,,,,,,,,,
254,1645015685499355.0,,,,,,,,,,,,,,,,,,,,,,
255,1645015685509526.5,,,,,,,,,,,,,,,,,,,,,,
256,1645015685519432.0,,,,,,,,,,,,,,,,,,,,,,
257,1645015685529355.5,,,,,,,,,,,,,,,,,,,,,,
258,1645015685539615.8,,,,,,,,,,,,,,,,,,,,,,
259,1645015685549377.2,,,,,,,,,,,,,,,,,,,,,,
260,1645015685559394.2,,,,,,,,,,,,,,,,,,,,,,
261,1645015685569419.0,,,,,,,,,,,,,,,,,,,,,,
262,1645015685579400.2,,,,,,,,,,,,,,,,,,,,,,
263,1645015685589474.0,,,,,,,,,,,,,,,,,,,,,,
264,1645015685599465.8,,,,,,,,,,,,,,,,,,,,,,
265,1645015685609367.0,,,,,,,,,,,,,,,,,,,,,,
266,1645015685619341.2,,,,,,,,,,,,,,,,,,,,,,
267,1645015685629397.2,,,,,,,,,,,,,,,,,,,,,,
268,1645015685639444.2,,,,,,,,,,,,,,,,,,,,,,
269,1645015685649391.8,,,,,,,,,,,,,,,,,,,,,,
270,1645015685659538.5,,,,,,,,,,,,,,,,,,,,,,
271,1645015685669423.5,,,,,,,,,,,,,,,,,,,,,,
272,1645015685679377.2,,,,,,,,,,,,,,,,,,,,,,
273,1645015685689423.5,,,,,,,,,,,,,,,,,,,,,,
274,1645015685699466.2,,,,,,,,,,,,,,,,,,,,,,
275,1645015685709406.0,,,,,,,,,,,,,,,,,,,,,,
276,1645015685719453.0,,,,,,,,,,,,,,,,,,,,,,
277,1645015685729395.0,,,,,,,,,,,,,,,,,,,,,,
278,1645015685739955.0,,,,,,,,,,,,,,,,,,,,,,
279,1645015685749444.8,,,,,,,,,,,,,,,,,,,,,,
280,1645015685759497.2,,,,,,,,,,,,,,,,,,,,,,
281,1645015685769389.2,,,,,,,,,,,,,,,,,,,,,,
282,1645015685779379.0,,,,,,,,,,,,,,,,,,,,,,
283,1645015685789541.5,,,,,,,,,,,,,,,,,,,,,,
284,1645015685799357.5,,,,,,,,,,,,,,,,,,,,,,
285,1645015685809465.0,,,,,,,,,,,,,,,,,,,,,,
286,1645015685819441.5,,,,,,,,,,,,,,,,,,,,,,
287,1645015685829393.8,,,,,,,,,,,,,,,,,,,,,,
288,1645015685839488.0,,,,,,,,,,,,,,,,,,,,,,
289,1645015685849566.2,,,,,,,,,,,,,,,,,,,,,,
290,1645015685859372.8,,,,,,,,,,,,,,,,,,,,,,
291,1645015685869359.2,,,,,,,,,,,,,,,,,,,,,,
292,1645015685879561.8,,,,,,,,,,,,,,,,,,,,,,
293,1645015685889358.2,,,,,,,,,,,,,,,,,,,,,,
294,1645015685899357.2,,,,,,,,,,,,,,,,,,,,,,
295,1645015685909585.2,,,,,,,,,,,,,,,,,,,,,,
296,1645015685919424.2,,,,,,,,,,,,,,,,,,,,,,
297,1645015685929445.5,,,,,,,,,,,,,,,,,,,,,,
298,1645015685940060.0,,,,,,,,,,,,,,,,,,,,,,
299,1645015685949693.8,,,,,,,,,,,,,,,,,,,,,,
300,1645015685959480.2,,,,,,,,,,,,,,,,,,,,,,
301,1645015685969459.5,,,,,,,,,,,,,,,,,,,,,,
302,1645015685979346.0,,,,,,,,,,,,,,,,,,,,,,
303,1645015685991002.0,,,,,,,,,,,,,,,,,,,,,,
304,1645015685999486.2,,,,,,,,,,,,,,,,,,,,,,
305,1645015686009396.8,,,,,,,,,,,,,,,,,,,,,,
306,1645015686019492.5,,,,,,,,,,,,,,,,,,,,,,
307,1645015686029436.5,,,,,,,,,,,,,,,,,,,,,,
308,1645015686039392.0,,,,,,,,,,,,,,,,,,,,,,
309,1645015686049465.8,,,,,,,,,,,,,,,,,,,,,,
310,1645015686059491.2,,,,,,,,,,,,,,,,,,,,,,
311,1645015686069346.0,,,,,,,,,,,,,,,,,,,,,,
312,1645015686080596.0,,,,,,,,,,,,,,,,,,,,,,
313,1645015686089384.5,,,,,,,,,,,,,,,,,,,,,,
314,1645015686099411.5,,,,,,,,,,,,,,,,,,,,,,
315,1645015686109430.8,,,,,,,,,,,,,,,,,,,,,,
316,1645015686119540.2,,,,,,,,,,,,,,,,,,,,,,
317,1645015686129366.8,,,,,,,,,,,,,,,,,,,,,,
318,1645015686140117.2,,,,,,,,,,,,,,,,,,,,,,
319,1645015686149467.5,,,,,,,,,,,,,,,,,,,,,,
320,1645015686159377.8,,,,,,,,,,,,,,,,,,,,,,
321,1645015686169448.0,,,,,,,,,,,,,,,,,,,,,,
322,1645015686179521.5,,,,,,,,,,,,,,,,,,,,,,
323,1645015686189342.0,,,,,,,,,,,,,,,,,,,,,,
324,1645015686199470.5,,,,,,,,,,,,,,,,,,,,,,
325,1645015686209496.0,,,,,,,,,,,,,,,,,,,,,,
326,1645015686219360.5,,,,,,,,,,,,,,,,,,,,,,
327,1645015686229470.5,,,,,,,,,,,,,,,,,,,,,,
328,1645015686239541.0,,,,,,,,,,,,,,,,,,,,,,
329,1645015686249452.0,,,,,,,,,,,,,,,,,,,,,,
330,1645015686259540.5,,,,,,,,,,,,,,,,,,,,,,
331,1645015686269351.0,,,,,,,,,,,,,,,,,,,,,,
332,1645015686279353.5,,,,,,,,,,,,,,,,,,,,,,
333,1645015686289422.2,,,,,,,,,,,,,,,,,,,,,,
334,1645015686299622.5,,,,,,,,,,,,,,,,,,,,,,
335,1645015686309398.8,,,,,,,,,,,,,,,,,,,,,,
336,1645015686319560.8,,,,,,,,,,,,,,,,,,,,,,
337,1645015686329345.5,,,,,,,,,,,,,,,,,,,,,,
338,1645015686339341.2,,,,,,,,,,,,,,,,,,,,,,
339,1645015686387359.8,,,,,,,,,,,,,,,,,,,,,,
340,1645015686392718.5,,,,,,,,,,,,,,,,,,,,,,
341,1645015686394169.5,,,,,,,,,,,,,,,,,,,,,,
342,1645015686394813.8,,,,,,,,,,,,,,,,,,,,,,
343,1645015686395323.0,,,,,,,,,,,,,,,,,,,,,,
344,1645015686395776.5,,,,,,,,,,,,,,,,,,,,,,
345,1645015686399618.0,,,,,,,,,,,,,,,,,,,,,,
346,1645015686409522.2,,,,,,,,,,,,,,,,,,,,,,
347,1645015686419749.5,,,,,,,,,,,,,,,,,,,,,,
348,1645015686429683.8,,,,,,,,,,,,,,,,,,,,,,
349,1645015686440116.8,,,,,,,,,,,,,,,,,,,,,,
350,1645015686453735.0,,,,,,,,,,,,,,,,,,,,,,
351,1645015686459418.0,,,,,,,,,,,,,,,,,,,,,,
352,1645015686469381.2,,,,,,,,,,,,,,,,,,,,,,
353,1645015686479476.8,,,,,,,,,,,,,,,,,,,,,,
354,1645015686489797.2,,,,,,,,,,,,,,,,,,,,,,
355,1645015686499390.2,,,,,,,,,,,,,,,,,,,,,,
356,1645015686509392.8,,,,,,,,,,,,,,,,,,,,,,
357,1645015686519452.0,,,,,,,,,,,,,,,,,,,,,,
358,1645015686529461.5,,,,,,,,,,,,,,,,,,,,,,
359,1645015686540117.8,,,,,,,,,,,,,,,,,,,,,,
360,1645015686549710.5,,,,,,,,,,,,,,,,,,,,,,
361,1645015686559429.5,,,,,,,,,,,,,,,,,,,,,,
362,1645015686569476.2,,,,,,,,,,,,,,,,,,,,,,
363,1645015686579366.8,,,,,,,,,,,,,,,,,,,,,,
364,1645015686589532.5,,,,,,,,,,,,,,,,,,,,,,
365,1645015686599445.2,,,,,,,,,,,,,,,,,,,,,,
366,1645015686609393.0,,,,,,,,,,,,,,,,,,,,,,
367,1645015686619399.5,,,,,,,,,,,,,,,,,,,,,,
368,1645015686629428.5,,,,,,,,,,,,,,,,,,,,,,
369,1645015686639327.5,,,,,,,,,,,,,,,,,,,,,,
370,1645015686649389.2,,,,,,,,,,,,,,,,,,,,,,
371,1645015686659663.8,,,,,,,,,,,,,,,,,,,,,,
372,1645015686669330.0,,,,,,,,,,,,,,,,,,,,,,
373,1645015686679327.8,,,,,,,,,,,,,,,,,,,,,,
374,1645015686689467.2,,,,,,,,,,,,,,,,,,,,,,
375,1645015686699414.5,,,,,,,,,,,,,,,,,,,,,,
376,1645015686709374.5,,,,,,,,,,,,,,,,,,,,,,
377,1645015686719539.2,,,,,,,,,,,,,,,,,,,,,,
378,1645015686729369.5,,,,,,,,,,,,,,,,,,,,,,
379,1645015686740468.0,,,,,,,,,,,,,,,,,,,,,,
380,1645015686749511.0,,,,,,,,,,,,,,,,,,,,,,
381,1645015686759522.8,,,,,,,,,,,,,,,,,,,,,,
382,1645015686769336.8,,,,,,,,,,,,,,,,,,,,,,
383,1645015686779450.0,,,,,,,,,,,,,,,,,,,,,,
384,1645015686789358.2,,,,,,,,,,,,,,,,,,,,,,
385,1645015686799343.0,,,,,,,,,,,,,,,,,,,,,,
386,1645015686809367.8,,,,,,,,,,,,,,,,,,,,,,
387,1645015686819407.2,,,,,,,,,,,,,,,,,,,,,,
388,1645015686829357.5,,,,,,,,,,,,,,,,,,,,,,
389,1645015686839481.8,,,,,,,,,,,,,,,,,,,,,,
390,1645015686849544.5,,,,,,,,,,,,,,,,,,,,,,
391,1645015686859418.8,,,,,,,,,,,,,,,,,,,,,,
392,1645015686869413.5,,,,,,,,,,,,,,,,,,,,,,
393,1645015686879448.8,,,,,,,,,,,,,,,,,,,,,,
394,1645015686889473.2,,,,,,,,,,,,,,,,,,,,,,
395,1645015686899504.5,,,,,,,,,,,,,,,,,,,,,,
396,1645015686909420.8,,,,,,,,,,,,,,,,,,,,,,
397,1645015686919510.0,,,,,,,,,,,,,,,,,,,,,,
398,1645015686929396.0,,,,,,,,,,,,,,,,,,,,,,
399,1645015686939476.5,,,,,,,,,,,,,,,,,,,,,,
400,1645015686949500.2,,,,,,,,,,,,,,,,,,,,,,
401,1645015686959447.0,,,,,,,,,,,,,,,,,,,,,,
402,1645015686969489.2,,,,,,,,,,,,,,,,,,,,,,
403,1645015686979389.5,,,,,,,,,,,,,,,,,,,,,,
404,1645015686990362.2,,,,,,,,,,,,,,,,,,,,,,
405,1645015686999459.0,,,,,,,,,,,,,,,,,,,,,,
406,1645015687009382.2,,,,,,,,,,,,,,,,,,,,,,
407,1645015687019364.2,,,,,,,,,,,,,,,,,,,,,,
408,1645015687029476.5,,,,,,,,,,,,,,,,,,,,,,
409,1645015687039724.8,,,,,,,,,,,,,,,,,,,,,,
410,1645015687049344.0,,,,,,,,,,,,,,,,,,,,,,
411,1645015687059525.0,,,,,,,,,,,,,,,,,,,,,,
412,1645015687069320.5,,,,,,,,,,,,,,,,,,,,,,
413,1645015687080488.2,,,,,,,,,,,,,,,,,,,,,,
414,1645015687089807.5,,,,,,,,,,,,,,,,,,,,,,
415,1645015687099299.5,,,,,,,,,,,,,,,,,,,,,,
416,1645015687109367.8,,,,,,,,,,,,,,,,,,,,,,
417,1645015687119531.2,,,,,,,,,,,,,,,,,,,,,,
418,1645015687129324.8,,,,,,,,,,,,,,,,,,,,,,
419,1645015687140068.5,,,,,,,,,,,,,,,,,,,,,,
420,1645015687149670.5,,,,,,,,,,,,,,,,,,,,,,
421,1645015687159378.0,,,,,,,,,,,,,,,,,,,,,,
422,1645015687169427.5,,,,,,,,,,,,,,,,,,,,,,
423,1645015687179631.0,,,,,,,,,,,,,,,,,,,,,,
424,1645015687189309.8,,,,,,,,,,,,,,,,,,,,,,
425,1645015687199519.8,,,,,,,,,,,,,,,,,,,,,,
426,1645015687209524.8,,,,,,,,,,,,,,,,,,,,,,
427,1645015687219376.2,,,,,,,,,,,,,,,,,,,,,,
428,1645015687229594.8,,,,,,,,,,,,,,,,,,,,,,
429,1645015687239476.8,,,,,,,,,,,,,,,,,,,,,,
430,1645015687249405.5,,,,,,,,,,,,,,,,,,,,,,
431,1645015687259412.0,,,,,,,,,,,,,,,,,,,,,,
432,1645015687269498.2,,,,,,,,,,,,,,,,,,,,,,
433,1645015687279333.0,,,,,,,,,,,,,,,,,,,,,,
434,1645015687289372.2,,,,,,,,,,,,,,,,,,,,,,
435,1645015687299551.5,,,,,,,,,,,,,,,,,,,,,,
436,1645015687309349.2,,,,,,,,,,,,,,,,,,,,,,
437,1645015687319477.0,,,,,,,,,,,,,,,,,,,,,,
438,1645015687329441.0,,,,,,,,,,,,,,,,,,,,,,
439,1645015687339337.2,,,,,,,,,,,,,,,,,,,,,,
440,1645015687374336.0,,,,,,,,,,,,,,,,,,,,,,
441,1645015687377609.8,,,,,,,,,,,,,,,,,,,,,,
442,1645015687379317.0,,,,,,,,,,,,,,,,,,,,,,
443,1645015687380214.2,,,,,,,,,,,,,,,,,,,,,,
444,1645015687380827.2,,,,,,,,,,,,,,,,,,,,,,
445,1645015687389636.2,,,,,,,,,,,,,,,,,,,,,,
446,1645015687399358.5,,,,,,,,,,,,,,,,,,,,,,
447,1645015687409614.8,,,,,,,,,,,,,,,,,,,,,,
448,1645015687419734.8,,,,,,,,,,,,,,,,,,,,,,
449,1645015687429649.8,,,,,,,,,,,,,,,,,,,,,,
450,1645015687439421.8,,,,,,,,,,,,,,,,,,,,,,
451,1645015687449423.5,,,,,,,,,,,,,,,,,,,,,,
452,1645015687459334.2,,,,,,,,,,,,,,,,,,,,,,
453,1645015687469372.8,,,,,,,,,,,,,,,,,,,,,,
454,1645015687479531.8,,,,,,,,,,,,,,,,,,,,,,
455,1645015687489325.0,,,,,,,,,,,,,,,,,,,,,,
456,1645015687499399.5,,,,,,,,,,,,,,,,,,,,,,
457,1645015687509340.0,,,,,,,,,,,,,,,,,,,,,,
458,1645015687519574.2,,,,,,,,,,,,,,,,,,,,,,
459,1645015687529367.0,,,,,,,,,,,,,,,,,,,,,,
460,1645015687539492.2,,,,,,,,,,,,,,,,,,,,,,
461,1645015687549343.0,,,,,,,,,,,,,,,,,,,,,,
462,1645015687559364.2,,,,,,,,,,,,,,,,,,,,,,
463,1645015687569340.8,,,,,,,,,,,,,,,,,,,,,,
464,1645015687579308.0,,,,,,,,,,,,,,,,,,,,,,
465,1645015687589362.2,,,,,,,,,,,,,,,,,,,,,,
466,1645015687599517.0,,,,,,,,,,,,,,,,,,,,,,
467,1645015687609368.5,,,,,,,,,,,,,,,,,,,,,,
468,1645015687619350.2,,,,,,,,,,,,,,,,,,,,,,
469,1645015687629387.2,,,,,,,,,,,,,,,,,,,,,,
470,1645015687639337.2,,,,,,,,,,,,,,,,,,,,,,
471,1645015687649401.0,,,,,,,,,,,,,,,,,,,,,,
472,1645015687659474.2,,,,,,,,,,,,,,,,,,,,,,
473,1645015687669362.5,,,,,,,,,,,,,,,,,,,,,,
474,1645015687679391.5,,,,,,,,,,,,,,,,,,,,,,
475,1645015687689404.0,,,,,,,,,,,,,,,,,,,,,,
476,1645015687699346.0,,,,,,,,,,,,,,,,,,,,,,
477,1645015687709349.8,,,,,,,,,,,,,,,,,,,,,,
478,1645015687719743.5,,,,,,,,,,,,,,,,,,,,,,
479,1645015687729350.5,,,,,,,,,,,,,,,,,,,,,,
480,1645015687740146.0,,,,,,,,,,,,,,,,,,,,,,
481,1645015687749385.5,,,,,,,,,,,,,,,,,,,,,,
482,1645015687761463.2,,,,,,,,,,,,,,,,,,,,,,
483,1645015687769390.0,,,,,,,,,,,,,,,,,,,,,,
484,1645015687779386.0,,,,,,,,,,,,,,,,,,,,,,
485,1645015687789301.5,,,,,,,,,,,,,,,,,,,,,,
486,1645015687800266.5,,,,,,,,,,,,,,,,,,,,,,
487,1645015687809475.2,,,,,,,,,,,,,,,,,,,,,,
488,1645015687819397.8,,,,,,,,,,,,,,,,,,,,,,
489,1645015687829364.2,,,,,,,,,,,,,,,,,,,,,,
490,1645015687839414.2,,,,,,,,,,,,,,,,,,,,,,
491,1645015687849519.8,,,,,,,,,,,,,,,,,,,,,,
492,1645015687859520.0,,,,,,,,,,,,,,,,,,,,,,
493,1645015687869423.0,,,,,,,,,,,,,,,,,,,,,,
494,1645015687879380.8,,,,,,,,,,,,,,,,,,,,,,
495,1645015687889504.8,,,,,,,,,,,,,,,,,,,,,,
496,1645015687899411.5,,,,,,,,,,,,,,,,,,,,,,
497,1645015687909356.8,,,,,,,,,,,,,,,,,,,,,,
498,1645015687919406.8,,,,,,,,,,,,,,,,,,,,,,
499,1645015687929402.2,,,,,,,,,,,,,,,,,,,,,,
500,1645015687939425.0,,,,,,,,,,,,,,,,,,,,,,
501,1645015687949466.8,,,,,,,,,,,,,,,,,,,,,,
502,1645015687959443.5,,,,,,,,,,,,,,,,,,,,,,
503,1645015687969363.8,,,,,,,,,,,,,,,,,,,,,,
504,1645015687979380.8,,,,,,,,,,,,,,,,,,,,,,
505,1645015687990336.0,,,,,,,,,,,,,,,,,,,,,,
506,1645015687999521.5,,,,,,,,,,,,,,,,,,,,,,
507,1645015688009335.8,,,,,,,,,,,,,,,,,,,,,,
508,1645015688019543.0,,,,,,,,,,,,,,,,,,,,,,
509,1645015688029362.8,,,,,,,,,,,,,,,,,,,,,,
510,1645015688039991.8,,,,,,,,,,,,,,,,,,,,,,
511,1645015688049418.8,,,,,,,,,,,,,,,,,,,,,,
512,1645015688059691.2,,,,,,,,,,,,,,,,,,,,,,
513,1645015688069331.0,,,,,,,,,,,,,,,,,,,,,,
514,1645015688080486.0,,,,,,,,,,,,,,,,,,,,,,
515,1645015688089330.2,,,,,,,,,,,,,,,,,,,,,,
516,1645015688099341.0,,,,,,,,,,,,,,,,,,,,,,
517,1645015688109440.2,,,,,,,,,,,,,,,,,,,,,,
518,1645015688119429.0,,,,,,,,,,,,,,,,,,,,,,
519,1645015688129380.0,,,,,,,,,,,,,,,,,,,,,,
520,1645015688139512.5,,,,,,,,,,,,,,,,,,,,,,
521,1645015688149434.5,,,,,,,,,,,,,,,,,,,,,,
522,1645015688159359.2,,,,,,,,,,,,,,,,,,,,,,
523,1645015688169426.2,,,,,,,,,,,,,,,,,,,,,,
524,1645015688179483.8,,,,,,,,,,,,,,,,,,,,,,
525,1645015688189327.8,,,,,,,,,,,,,,,,,,,,,,
526,1645015688199452.2,,,,,,,,,,,,,,,,,,,,,,
527,1645015688209403.0,,,,,,,,,,,,,,,,,,,,,,
528,1645015688219321.5,,,,,,,,,,,,,,,,,,,,,,
529,1645015688229367.8,,,,,,,,,,,,,,,,,,,,,,
530,1645015688239647.0,,,,,,,,,,,,,,,,,,,,,,
531,1645015688249334.8,,,,,,,,,,,,,,,,,,,,,,
532,1645015688259490.8,,,,,,,,,,,,,,,,,,,,,,
533,1645015688269419.2,,,,,,,,,,,,,,,,,,,,,,
534,1645015688279336.2,,,,,,,,,,,,,,,,,,,,,,
535,1645015688289335.5,,,,,,,,,,,,,,,,,,,,,,
536,1645015688299663.0,,,,,,,,,,,,,,,,,,,,,,
537,1645015688309350.5,,,,,,,,,,,,,,,,,,,,,,
538,1645015688319334.0,,,,,,,,,,,,,,,,,,,,,,
539,1645015688329490.8,,,,,,,,,,,,,,,,,,,,,,
540,1645015688362447.0,,,,,,,,,,,,,,,,,,,,,,
541,1645015688364319.5,,,,,,,,,,,,,,,,,,,,,,
542,1645015688368213.0,,,,,,,,,,,,,,,,,,,,,,
543,1645015688369204.2,,,,,,,,,,,,,,,,,,,,,,
544,1645015688369679.0,,,,,,,,,,,,,,,,,,,,,,
545,1645015688379875.0,,,,,,,,,,,,,,,,,,,,,,
546,1645015688389479.5,,,,,,,,,,,,,,,,,,,,,,
547,1645015688410336.0,,,,,,,,,,,,,,,,,,,,,,
548,1645015688411198.2,,,,,,,,,,,,,,,,,,,,,,
549,1645015688419723.5,,,,,,,,,,,,,,,,,,,,,,
550,1645015688429725.5,,,,,,,,,,,,,,,,,,,,,,
551,1645015688439788.2,,,,,,,,,,,,,,,,,,,,,,
552,1645015688449423.5,,,,,,,,,,,,,,,,,,,,,,
553,1645015688459419.2,,,,,,,,,,,,,,,,,,,,,,
554,1645015688469300.0,,,,,,,,,,,,,,,,,,,,,,
555,1645015688479583.0,,,,,,,,,,,,,,,,,,,,,,
556,1645015688489318.8,,,,,,,,,,,,,,,,,,,,,,
557,1645015688499301.5,,,,,,,,,,,,,,,,,,,,,,
558,1645015688509449.0,,,,,,,,,,,,,,,,,,,,,,
559,1645015688519524.0,,,,,,,,,,,,,,,,,,,,,,
560,1645015688529302.0,,,,,,,,,,,,,,,,,,,,,,
561,1645015688539470.8,,,,,,,,,,,,,,,,,,,,,,
562,1645015688549337.8,,,,,,,,,,,,,,,,,,,,,,
563,1645015688559295.8,,,,,,,,,,,,,,,,,,,,,,
564,1645015688569402.5,,,,,,,,,,,,,,,,,,,,,,
565,1645015688579362.8,,,,,,,,,,,,,,,,,,,,,,
566,1645015688589341.8,,,,,,,,,,,,,,,,,,,,,,
567,1645015688599621.5,,,,,,,,,,,,,,,,,,,,,,
568,1645015688609354.5,,,,,,,,,,,,,,,,,,,,,,
569,1645015688619342.0,,,,,,,,,,,,,,,,,,,,,,
570,1645015688629423.0,,,,,,,,,,,,,,,,,,,,,,
571,1645015688639346.0,,,,,,,,,,,,,,,,,,,,,,
572,1645015688649333.8,,,,,,,,,,,,,,,,,,,,,,
573,1645015688659574.0,,,,,,,,,,,,,,,,,,,,,,
574,1645015688669371.5,,,,,,,,,,,,,,,,,,,,,,
575,1645015688679329.5,,,,,,,,,,,,,,,,,,,,,,
576,1645015688689336.8,,,,,,,,,,,,,,,,,,,,,,
577,1645015688699322.2,,,,,,,,,,,,,,,,,,,,,,
578,1645015688709361.5,,,,,,,,,,,,,,,,,,,,,,
579,1645015688719597.2,,,,,,,,,,,,,,,,,,,,,,
580,1645015688729332.5,,,,,,,,,,,,,,,,,,,,,,
581,1645015688739354.2,,,,,,,,,,,,,,,,,,,,,,
582,1645015688749445.5,,,,,,,,,,,,,,,,,,,,,,
583,1645015688759531.2,,,,,,,,,,,,,,,,,,,,,,
584,1645015688769352.5,,,,,,,,,,,,,,,,,,,,,,
585,1645015688779718.5,,,,,,,,,,,,,,,,,,,,,,
586,1645015688789337.8,,,,,,,,,,,,,,,,,,,,,,
587,1645015688799365.2,,,,,,,,,,,,,,,,,,,,,,
588,1645015688809346.2,,,,,,,,,,,,,,,,,,,,,,
589,1645015688819376.5,,,,,,,,,,,,,,,,,,,,,,
590,1645015688829375.2,,,,,,,,,,,,,,,,,,,,,,
591,1645015688839574.2,,,,,,,,,,,,,,,,,,,,,,
592,1645015688849483.0,,,,,,,,,,,,,,,,,,,,,,
593,1645015688859376.2,,,,,,,,,,,,,,,,,,,,,,
594,1645015688869339.8,,,,,,,,,,,,,,,,,,,,,,
595,1645015688879329.0,,,,,,,,,,,,,,,,,,,,,,
596,1645015688889484.0,,,,,,,,,,,,,,,,,,,,,,
597,1645015688899333.0,,,,,,,,,,,,,,,,,,,,,,
598,1645015688909352.8,,,,,,,,,,,,,,,,,,,,,,
599,1645015688919521.0,,,,,,,,,,,,,,,,,,,,,,
600,1645015688929454.8,,,,,,,,,,,,,,,,,,,,,,
601,1645015688940308.2,,,,,,,,,,,,,,,,,,,,,,
602,1645015688949411.5,,,,,,,,,,,,,,,,,,,,,,
603,1645015688959345.5,,,,,,,,,,,,,,,,,,,,,,
604,1645015688969433.0,,,,,,,,,,,,,,,,,,,,,,
605,1645015688979375.0,,,,,,,,,,,,,,,,,,,,,,
606,1645015688990357.8,,,,,,,,,,,,,,,,,,,,,,
607,1645015688999467.2,,,,,,,,,,,,,,,,,,,,,,
608,1645015689009352.5,,,,,,,,,,,,,,,,,,,,,,
609,1645015689019325.5,,,,,,,,,,,,,,,,,,,,,,
610,1645015689029351.2,,,,,,,,,,,,,,,,,,,,,,
611,1645015689039997.8,,,,,,,,,,,,,,,,,,,,,,
612,1645015689049332.0,,,,,,,,,,,,,,,,,,,,,,
613,1645015689059380.8,,,,,,,,,,,,,,,,,,,,,,
614,1645015689069322.8,,,,,,,,,,,,,,,,,,,,,,
615,1645015689080473.5,,,,,,,,,,,,,,,,,,,,,,
616,1645015689089287.5,,,,,,,,,,,,,,,,,,,,,,
617,1645015689099349.0,,,,,,,,,,,,,,,,,,,,,,
618,1645015689109318.2,,,,,,,,,,,,,,,,,,,,,,
619,1645015689119417.0,,,,,,,,,,,,,,,,,,,,,,
620,1645015689129348.5,,,,,,,,,,,,,,,,,,,,,,
621,1645015689139350.8,,,,,,,,,,,,,,,,,,,,,,
622,1645015689149403.2,,,,,,,,,,,,,,,,,,,,,,
623,1645015689159343.5,,,,,,,,,,,,,,,,,,,,,,
624,1645015689169336.2,,,,,,,,,,,,,,,,,,,,,,
625,1645015689179385.2,,,,,,,,,,,,,,,,,,,,,,
626,1645015689189407.5,,,,,,,,,,,,,,,,,,,,,,
627,1645015689199398.2,,,,,,,,,,,,,,,,,,,,,,
628,1645015689209369.8,,,,,,,,,,,,,,,,,,,,,,
629,1645015689219368.5,,,,,,,,,,,,,,,,,,,,,,
630,1645015689229321.8,,,,,,,,,,,,,,,,,,,,,,
631,1645015689239538.0,,,,,,,,,,,,,,,,,,,,,,
632,1645015689249335.8,,,,,,,,,,,,,,,,,,,,,,
633,1645015689259287.0,,,,,,,,,,,,,,,,,,,,,,
634,1645015689269364.8,,,,,,,,,,,,,,,,,,,,,,
635,1645015689279352.8,,,,,,,,,,,,,,,,,,,,,,
636,1645015689289264.5,,,,,,,,,,,,,,,,,,,,,,
637,1645015689299406.8,,,,,,,,,,,,,,,,,,,,,,
638,1645015689309292.8,,,,,,,,,,,,,,,,,,,,,,
639,1645015689319318.2,,,,,,,,,,,,,,,,,,,,,,
640,1645015689329384.2,,,,,,,,,,,,,,,,,,,,,,
641,1645015689339318.5,,,,,,,,,,,,,,,,,,,,,,
642,1645015689365338.8,,,,,,,,,,,,,,,,,,,,,,
643,1645015689368075.8,,,,,,,,,,,,,,,,,,,,,,
644,1645015689369884.8,,,,,,,,,,,,,,,,,,,,,,
645,1645015689370550.8,,,,,,,,,,,,,,,,,,,,,,
646,1645015689380089.8,,,,,,,,,,,,,,,,,,,,,,
647,1645015689389705.0,,,,,,,,,,,,,,,,,,,,,,
648,1645015689399346.0,,,,,,,,,,,,,,,,,,,,,,
649,1645015689414007.2,,,,,,,,,,,,,,,,,,,,,,
650,1645015689419697.5,,,,,,,,,,,,,,,,,,,,,,
651,1645015689429739.8,,,,,,,,,,,,,,,,,,,,,,
652,1645015689439508.5,,,,,,,,,,,,,,,,,,,,,,
653,1645015689449503.5,,,,,,,,,,,,,,,,,,,,,,
654,1645015689459495.5,,,,,,,,,,,,,,,,,,,,,,
655,1645015689469359.0,,,,,,,,,,,,,,,,,,,,,,
656,1645015689479511.2,,,,,,,,,,,,,,,,,,,,,,
657,1645015689489307.2,,,,,,,,,,,,,,,,,,,,,,
658,1645015689499703.0,,,,,,,,,,,,,,,,,,,,,,
659,1645015689509554.5,,,,,,,,,,,,,,,,,,,,,,
660,1645015689519422.8,,,,,,,,,,,,,,,,,,,,,,
661,1645015689529365.2,,,,,,,,,,,,,,,,,,,,,,
662,1645015689540524.2,,,,,,,,,,,,,,,,,,,,,,
663,1645015689549335.2,,,,,,,,,,,,,,,,,,,,,,
664,1645015689559440.2,,,,,,,,,,,,,,,,,,,,,,
665,1645015689569441.0,,,,,,,,,,,,,,,,,,,,,,
666,1645015689579343.8,,,,,,,,,,,,,,,,,,,,,,
667,1645015689589416.0,,,,,,,,,,,,,,,,,,,,,,
668,1645015689599480.0,,,,,,,,,,,,,,,,,,,,,,
669,1645015689609417.2,,,,,,,,,,,,,,,,,,,,,,
670,1645015689619436.8,,,,,,,,,,,,,,,,,,,,,,
671,1645015689629458.8,,,,,,,,,,,,,,,,,,,,,,
672,1645015689639324.0,,,,,,,,,,,,,,,,,,,,,,
673,1645015689649491.0,,,,,,,,,,,,,,,,,,,,,,
674,1645015689659565.0,,,,,,,,,,,,,,,,,,,,,,
675,1645015689669372.2,,,,,,,,,,,,,,,,,,,,,,
676,1645015689679471.0,,,,,,,,,,,,,,,,,,,,,,
677,1645015689689409.8,,,,,,,,,,,,,,,,,,,,,,
678,1645015689699324.2,,,,,,,,,,,,,,,,,,,,,,
679,1645015689709446.0,,,,,,,,,,,,,,,,,,,,,,
680,1645015689719483.5,,,,,,,,,,,,,,,,,,,,,,
681,1645015689729326.8,,,,,,,,,,,,,,,,,,,,,,
682,1645015689740476.2,,,,,,,,,,,,,,,,,,,,,,
683,1645015689749415.8,,,,,,,,,,,,,,,,,,,,,,
684,1645015689759442.8,,,,,,,,,,,,,,,,,,,,,,
685,1645015689769373.8,,,,,,,,,,,,,,,,,,,,,,
686,1645015689779418.2,,,,,,,,,,,,,,,,,,,,,,
687,1645015689789308.8,,,,,,,,,,,,,,,,,,,,,,
688,1645015689799381.2,,,,,,,,,,,,,,,,,,,,,,
689,1645015689809320.0,,,,,,,,,,,,,,,,,,,,,,
690,1645015689819337.8,,,,,,,,,,,,,,,,,,,,,,
691,1645015689829341.0,,,,,,,,,,,,,,,,,,,,,,
692,1645015689839408.8,,,,,,,,,,,,,,,,,,,,,,
693,1645015689849527.5,,,,,,,,,,,,,,,,,,,,,,
694,1645015689859494.0,,,,,,,,,,,,,,,,,,,,,,
695,1645015689869454.8,,,,,,,,,,,,,,,,,,,,,,
696,1645015689879331.2,,,,,,,,,,,,,,,,,,,,,,
697,1645015689889399.5,,,,,,,,,,,,,,,,,,,,,,
698,1645015689899445.2,,,,,,,,,,,,,,,,,,,,,,
699,1645015689909358.0,,,,,,,,,,,,,,,,,,,,,,
700,1645015689919369.5,,,,,,,,,,,,,,,,,,,,,,
701,1645015689929334.2,,,,,,,,,,,,,,,,,,,,,,
702,1645015689939371.5,,,,,,,,,,,,,,,,,,,,,,
703,1645015689949427.2,,,,,,,,,,,,,,,,,,,,,,
704,1645015689959570.0,,,,,,,,,,,,,,,,,,,,,,
705,1645015689969303.5,,,,,,,,,,,,,,,,,,,,,,
706,1645015689979408.5,,,,,,,,,,,,,,,,,,,,,,
707,1645015689990283.0,,,,,,,,,,,,,,,,,,,,,,
708,1645015689999862.8,,,,,,,,,,,,,,,,,,,,,,
709,1645015690009320.5,,,,,,,,,,,,,,,,,,,,,,
710,1645015690019553.5,,,,,,,,,,,,,,,,,,,,,,
711,1645015690029280.5,,,,,,,,,,,,,,,,,,,,,,
712,1645015690040145.2,,,,,,,,,,,,,,,,,,,,,,
713,1645015690049336.5,,,,,,,,,,,,,,,,,,,,,,
714,1645015690063431.0,,,,,,,,,,,,,,,,,,,,,,
715,1645015690069379.5,,,,,,,,,,,,,,,,,,,,,,
716,1645015690080443.0,,,,,,,,,,,,,,,,,,,,,,
717,1645015690089313.5,,,,,,,,,,,,,,,,,,,,,,
718,1645015690099380.0,,,,,,,,,,,,,,,,,,,,,,
719,1645015690109413.0,,,,,,,,,,,,,,,,,,,,,,
720,1645015690119336.2,,,,,,,,,,,,,,,,,,,,,,
721,1645015690129321.0,,,,,,,,,,,,,,,,,,,,,,
722,1645015690140508.0,,,,,,,,,,,,,,,,,,,,,,
723,1645015690149332.8,,,,,,,,,,,,,,,,,,,,,,
724,1645015690159304.5,,,,,,,,,,,,,,,,,,,,,,
725,1645015690169315.8,,,,,,,,,,,,,,,,,,,,,,
726,1645015690179379.5,,,,,,,,,,,,,,,,,,,,,,
727,1645015690189376.2,,,,,,,,,,,,,,,,,,,,,,
728,1645015690199432.2,,,,,,,,,,,,,,,,,,,,,,
729,1645015690209319.2,,,,,,,,,,,,,,,,,,,,,,
730,1645015690219321.0,,,,,,,,,,,,,,,,,,,,,,
731,1645015690229307.0,,,,,,,,,,,,,,,,,,,,,,
732,1645015690239291.2,,,,,,,,,,,,,,,,,,,,,,
733,1645015690249621.8,,,,,,,,,,,,,,,,,,,,,,
734,1645015690259364.2,,,,,,,,,,,,,,,,,,,,,,
735,1645015690269325.2,,,,,,,,,,,,,,,,,,,,,,
736,1645015690279332.5,,,,,,,,,,,,,,,,,,,,,,
737,1645015690289449.2,,,,,,,,,,,,,,,,,,,,,,
738,1645015690299368.0,,,,,,,,,,,,,,,,,,,,,,
739,1645015690309340.5,,,,,,,,,,,,,,,,,,,,,,
740,1645015690319349.0,,,,,,,,,,,,,,,,,,,,,,
741,1645015690329367.0,,,,,,,,,,,,,,,,,,,,,,
742,1645015690362115.0,,,,,,,,,,,,,,,,,,,,,,
743,1645015690364217.0,,,,,,,,,,,,,,,,,,,,,,
744,1645015690368083.5,,,,,,,,,,,,,,,,,,,,,,
745,1645015690369260.5,,,,,,,,,,,,,,,,,,,,,,
746,1645015690370125.8,,,,,,,,,,,,,,,,,,,,,,
747,1645015690379442.8,,,,,,,,,,,,,,,,,,,,,,
748,1645015690389495.0,,,,,,,,,,,,,,,,,,,,,,
749,1645015690399620.0,,,,,,,,,,,,,,,,,,,,,,
750,1645015690409499.5,,,,,,,,,,,,,,,,,,,,,,
751,1645015690419518.8,,,,,,,,,,,,,,,,,,,,,,
752,1645015690429571.5,,,,,,,,,,,,,,,,,,,,,,
753,1645015690439363.5,,,,,,,,,,,,,,,,,,,,,,
754,1645015690449360.2,,,,,,,,,,,,,,,,,,,,,,
755,1645015690459330.8,,,,,,,,,,,,,,,,,,,,,,
756,1645015690469387.0,,,,,,,,,,,,,,,,,,,,,,
757,1645015690479399.2,,,,,,,,,,,,,,,,,,,,,,
758,1645015690489335.5,,,,,,,,,,,,,,,,,,,,,,
759,1645015690499281.0,,,,,,,,,,,,,,,,,,,,,,
760,1645015690509333.2,,,,,,,,,,,,,,,,,,,,,,
761,1645015690519434.0,,,,,,,,,,,,,,,,,,,,,,
762,1645015690529369.0,,,,,,,,,,,,,,,,,,,,,,
763,1645015690539361.5,,,,,,,,,,,,,,,,,,,,,,
764,1645015690549418.8,,,,,,,,,,,,,,,,,,,,,,
765,1645015690559279.0,,,,,,,,,,,,,,,,,,,,,,
766,1645015690569386.0,,,,,,,,,,,,,,,,,,,,,,
767,1645015690579307.0,,,,,,,,,,,,,,,,,,,,,,
768,1645015690589423.2,,,,,,,,,,,,,,,,,,,,,,
769,1645015690599561.0,,,,,,,,,,,,,,,,,,,,,,
770,1645015690609343.5,,,,,,,,,,,,,,,,,,,,,,
771,1645015690619317.8,,,,,,,,,,,,,,,,,,,,,,
772,1645015690629360.5,,,,,,,,,,,,,,,,,,,,,,
773,1645015690639361.5,,,,,,,,,,,,,,,,,,,,,,
774,1645015690649296.5,,,,,,,,,,,,,,,,,,,,,,
775,1645015690659459.0,,,,,,,,,,,,,,,,,,,,,,
776,1645015690669292.8,,,,,,,,,,,,,,,,,,,,,,
777,1645015690679276.0,,,,,,,,,,,,,,,,,,,,,,
778,1645015690689304.2,,,,,,,,,,,,,,,,,,,,,,
779,1645015690699320.0,,,,,,,,,,,,,,,,,,,,,,
780,1645015690709270.2,,,,,,,,,,,,,,,,,,,,,,
781,1645015690719532.8,,,,,,,,,,,,,,,,,,,,,,
782,1645015690729314.8,,,,,,,,,,,,,,,,,,,,,,
783,1645015690740132.5,,,,,,,,,,,,,,,,,,,,,,
784,1645015690749408.8,,,,,,,,,,,,,,,,,,,,,,
785,1645015690759496.2,,,,,,,,,,,,,,,,,,,,,,
786,1645015690769354.5,,,,,,,,,,,,,,,,,,,,,,
787,1645015690779522.2,,,,,,,,,,,,,,,,,,,,,,
788,1645015690789285.5,,,,,,,,,,,,,,,,,,,,,,
789,1645015690799285.2,,,,,,,,,,,,,,,,,,,,,,
790,1645015690809411.0,,,,,,,,,,,,,,,,,,,,,,
791,1645015690819317.0,,,,,,,,,,,,,,,,,,,,,,
792,1645015690829314.5,,,,,,,,,,,,,,,,,,,,,,
793,1645015690839603.2,,,,,,,,,,,,,,,,,,,,,,
794,1645015690849476.5,,,,,,,,,,,,,,,,,,,,,,
795,1645015690859462.8,,,,,,,,,,,,,,,,,,,,,,
796,1645015690869313.0,,,,,,,,,,,,,,,,,,,,,,
797,1645015690879307.2,,,,,,,,,,,,,,,,,,,,,,
798,1645015690889317.5,,,,,,,,,,,,,,,,,,,,,,
799,1645015690899618.2,,,,,,,,,,,,,,,,,,,,,,
800,1645015690909335.2,,,,,,,,,,,,,,,,,,,,,,
801,1645015690920546.0,,,,,,,,,,,,,,,,,,,,,,
802,1645015690929498.5,,,,,,,,,,,,,,,,,,,,,,
803,1645015690939317.0,,,,,,,,,,,,,,,,,,,,,,
804,1645015690949322.2,,,,,,,,,,,,,,,,,,,,,,
805,1645015690959537.8,,,,,,,,,,,,,,,,,,,,,,
806,1645015690969287.5,,,,,,,,,,,,,,,,,,,,,,
807,1645015690979316.5,,,,,,,,,,,,,,,,,,,,,,
808,1645015690990282.5,,,,,,,,,,,,,,,,,,,,,,
809,1645015690999282.8,,,,,,,,,,,,,,,,,,,,,,
810,1645015691009343.8,,,,,,,,,,,,,,,,,,,,,,
811,1645015691019573.0,,,,,,,,,,,,,,,,,,,,,,
812,1645015691029286.8,,,,,,,,,,,,,,,,,,,,,,
813,1645015691039320.5,,,,,,,,,,,,,,,,,,,,,,
814,1645015691049460.2,,,,,,,,,,,,,,,,,,,,,,
815,1645015691059489.2,,,,,,,,,,,,,,,,,,,,,,
816,1645015691069386.8,,,,,,,,,,,,,,,,,,,,,,
817,1645015691080373.0,,,,,,,,,,,,,,,,,,,,,,
818,1645015691089292.0,,,,,,,,,,,,,,,,,,,,,,
819,1645015691099345.5,,,,,,,,,,,,,,,,,,,,,,
820,1645015691109439.2,,,,,,,,,,,,,,,,,,,,,,
821,1645015691119317.5,,,,,,,,,,,,,,,,,,,,,,
822,1645015691129361.8,,,,,,,,,,,,,,,,,,,,,,
823,1645015691139552.8,,,,,,,,,,,,,,,,,,,,,,
824,1645015691149397.5,,,,,,,,,,,,,,,,,,,,,,
825,1645015691159375.0,,,,,,,,,,,,,,,,,,,,,,
826,1645015691169416.8,,,,,,,,,,,,,,,,,,,,,,
827,1645015691179295.2,,,,,,,,,,,,,,,,,,,,,,
828,1645015691189549.5,,,,,,,,,,,,,,,,,,,,,,
829,1645015691199553.5,,,,,,,,,,,,,,,,,,,,,,
830,1645015691209319.0,,,,,,,,,,,,,,,,,,,,,,
831,1645015691219366.0,,,,,,,,,,,,,,,,,,,,,,
832,1645015691229353.0,,,,,,,,,,,,,,,,,,,,,,
833,1645015691239300.0,,,,,,,,,,,,,,,,,,,,,,
834,1645015691249354.2,,,,,,,,,,,,,,,,,,,,,,
835,1645015691259418.5,,,,,,,,,,,,,,,,,,,,,,
836,1645015691269312.0,,,,,,,,,,,,,,,,,,,,,,
837,1645015691279360.5,,,,,,,,,,,,,,,,,,,,,,
838,1645015691289315.2,,,,,,,,,,,,,,,,,,,,,,
839,1645015691299330.0,,,,,,,,,,,,,,,,,,,,,,
840,1645015691309291.5,,,,,,,,,,,,,,,,,,,,,,
841,1645015691319444.0,,,,,,,,,,,,,,,,,,,,,,
842,1645015691329326.8,,,,,,,,,,,,,,,,,,,,,,
843,1645015691365304.5,,,,,,,,,,,,,,,,,,,,,,
844,1645015691367200.0,,,,,,,,,,,,,,,,,,,,,,
845,1645015691382136.8,,,,,,,,,,,,,,,,,,,,,,
846,1645015691382602.5,,,,,,,,,,,,,,,,,,,,,,
847,1645015691383192.8,,,,,,,,,,,,,,,,,,,,,,
848,1645015691383770.8,,,,,,,,,,,,,,,,,,,,,,
849,1645015691389447.2,,,,,,,,,,,,,,,,,,,,,,
850,1645015691399519.5,,,,,,,,,,,,,,,,,,,,,,
851,1645015691409663.8,,,,,,,,,,,,,,,,,,,,,,
852,1645015691419860.0,,,,,,,,,,,,,,,,,,,,,,
853,1645015691429461.2,,,,,,,,,,,,,,,,,,,,,,
854,1645015691439772.2,,,,,,,,,,,,,,,,,,,,,,
855,1645015691449397.2,,,,,,,,,,,,,,,,,,,,,,
856,1645015691459374.2,,,,,,,,,,,,,,,,,,,,,,
857,1645015691469408.0,,,,,,,,,,,,,,,,,,,,,,
858,1645015691479356.8,,,,,,,,,,,,,,,,,,,,,,
859,1645015691489492.2,,,,,,,,,,,,,,,,,,,,,,
860,1645015691499597.2,,,,,,,,,,,,,,,,,,,,,,
861,1645015691509338.2,,,,,,,,,,,,,,,,,,,,,,
862,1645015691519354.8,,,,,,,,,,,,,,,,,,,,,,
863,1645015691529387.2,,,,,,,,,,,,,,,,,,,,,,
864,1645015691539378.0,,,,,,,,,,,,,,,,,,,,,,
865,1645015691549327.5,,,,,,,,,,,,,,,,,,,,,,
866,1645015691559414.8,,,,,,,,,,,,,,,,,,,,,,
867,1645015691569343.2,,,,,,,,,,,,,,,,,,,,,,
868,1645015691579317.8,,,,,,,,,,,,,,,,,,,,,,
869,1645015691589400.0,,,,,,,,,,,,,,,,,,,,,,
870,1645015691599638.5,,,,,,,,,,,,,,,,,,,,,,
871,1645015691609345.2,,,,,,,,,,,,,,,,,,,,,,
872,1645015691619475.2,,,,,,,,,,,,,,,,,,,,,,
873,1645015691629352.2,,,,,,,,,,,,,,,,,,,,,,
874,1645015691639768.0,,,,,,,,,,,,,,,,,,,,,,
875,1645015691649415.8,,,,,,,,,,,,,,,,,,,,,,
876,1645015691659382.2,,,,,,,,,,,,,,,,,,,,,,
877,1645015691669328.2,,,,,,,,,,,,,,,,,,,,,,
878,1645015691679471.8,,,,,,,,,,,,,,,,,,,,,,
879,1645015691689401.5,,,,,,,,,,,,,,,,,,,,,,
880,1645015691699311.5,,,,,,,,,,,,,,,,,,,,,,
881,1645015691709372.2,,,,,,,,,,,,,,,,,,,,,,
882,1645015691719468.2,,,,,,,,,,,,,,,,,,,,,,
883,1645015691729402.5,,,,,,,,,,,,,,,,,,,,,,
884,1645015691739318.2,,,,,,,,,,,,,,,,,,,,,,
885,1645015691749460.8,,,,,,,,,,,,,,,,,,,,,,
886,1645015691759406.2,,,,,,,,,,,,,,,,,,,,,,
887,1645015691769315.5,,,,,,,,,,,,,,,,,,,,,,
888,1645015691779589.5,,,,,,,,,,,,,,,,,,,,,,
889,1645015691789307.2,,,,,,,,,,,,,,,,,,,,,,
890,1645015691799502.2,,,,,,,,,,,,,,,,,,,,,,
891,1645015691809384.2,,,,,,,,,,,,,,,,,,,,,,
892,1645015691819283.5,,,,,,,,,,,,,,,,,,,,,,
893,1645015691829449.8,,,,,,,,,,,,,,,,,,,,,,
894,1645015691839414.0,,,,,,,,,,,,,,,,,,,,,,
895,1645015691849446.8,,,,,,,,,,,,,,,,,,,,,,
896,1645015691859443.0,,,,,,,,,,,,,,,,,,,,,,
897,1645015691869410.2,,,,,,,,,,,,,,,,,,,,,,
898,1645015691879380.2,,,,,,,,,,,,,,,,,,,,,,
899,1645015691889404.2,,,,,,,,,,,,,,,,,,,,,,
900,1645015691899451.2,,,,,,,,,,,,,,,,,,,,,,
901,1645015691909474.2,,,,,,,,,,,,,,,,,,,,,,
902,1645015691921776.8,,,,,,,,,,,,,,,,,,,,,,
903,1645015691929452.5,,,,,,,,,,,,,,,,,,,,,,
904,1645015691939969.0,,,,,,,,,,,,,,,,,,,,,,
905,1645015691949378.5,,,,,,,,,,,,,,,,,,,,,,
906,1645015691959465.2,,,,,,,,,,,,,,,,,,,,,,
907,1645015691969316.2,,,,,,,,,,,,,,,,,,,,,,
908,1645015691979386.8,,,,,,,,,,,,,,,,,,,,,,
909,1645015691990253.2,,,,,,,,,,,,,,,,,,,,,,
910,1645015691999573.8,,,,,,,,,,,,,,,,,,,,,,
911,1645015692009379.5,,,,,,,,,,,,,,,,,,,,,,
912,1645015692019549.2,,,,,,,,,,,,,,,,,,,,,,
913,1645015692029313.5,,,,,,,,,,,,,,,,,,,,,,
914,1645015692039462.2,,,,,,,,,,,,,,,,,,,,,,
915,1645015692049344.8,,,,,,,,,,,,,,,,,,,,,,
916,1645015692059549.0,,,,,,,,,,,,,,,,,,,,,,
917,1645015692069359.2,,,,,,,,,,,,,,,,,,,,,,
918,1645015692080391.0,,,,,,,,,,,,,,,,,,,,,,
919,1645015692089304.0,,,,,,,,,,,,,,,,,,,,,,
920,1645015692099379.2,,,,,,,,,,,,,,,,,,,,,,
921,1645015692109413.2,,,,,,,,,,,,,,,,,,,,,,
922,1645015692119320.0,,,,,,,,,,,,,,,,,,,,,,
923,1645015692129415.8,,,,,,,,,,,,,,,,,,,,,,
924,1645015692139439.0,,,,,,,,,,,,,,,,,,,,,,
925,1645015692149693.0,,,,,,,,,,,,,,,,,,,,,,
926,1645015692159443.2,,,,,,,,,,,,,,,,,,,,,,
927,1645015692169449.8,,,,,,,,,,,,,,,,,,,,,,
928,1645015692179416.5,,,,,,,,,,,,,,,,,,,,,,
929,1645015692189377.8,,,,,,,,,,,,,,,,,,,,,,
930,1645015692199484.2,,,,,,,,,,,,,,,,,,,,,,
931,1645015692209337.8,,,,,,,,,,,,,,,,,,,,,,
932,1645015692219378.2,,,,,,,,,,,,,,,,,,,,,,
933,1645015692229328.2,,,,,,,,,,,,,,,,,,,,,,
934,1645015692239312.5,,,,,,,,,,,,,,,,,,,,,,
935,1645015692249336.0,,,,,,,,,,,,,,,,,,,,,,
936,1645015692259666.2,,,,,,,,,,,,,,,,,,,,,,
937,1645015692269303.8,,,,,,,,,,,,,,,,,,,,,,
938,1645015692279342.5,,,,,,,,,,,,,,,,,,,,,,
939,1645015692289311.0,,,,,,,,,,,,,,,,,,,,,,
940,1645015692299349.2,,,,,,,,,,,,,,,,,,,,,,
941,1645015692309361.0,,,,,,,,,,,,,,,,,,,,,,
942,1645015692319386.8,,,,,,,,,,,,,,,,,,,,,,
943,1645015692329323.5,,,,,,,,,,,,,,,,,,,,,,
944,1645015692363220.8,,,,,,,,,,,,,,,,,,,,,,
945,1645015692365081.5,,,,,,,,,,,,,,,,,,,,,,
946,1645015692377374.2,,,,,,,,,,,,,,,,,,,,,,
947,1645015692379248.2,,,,,,,,,,,,,,,,,,,,,,
948,1645015692380134.0,,,,,,,,,,,,,,,,,,,,,,
949,1645015692380786.2,,,,,,,,,,,,,,,,,,,,,,
950,1645015692389386.8,,,,,,,,,,,,,,,,,,,,,,
951,1645015692399578.0,,,,,,,,,,,,,,,,,,,,,,
952,1645015692409591.0,,,,,,,,,,,,,,,,,,,,,,
953,1645015692419446.8,,,,,,,,,,,,,,,,,,,,,,
954,1645015692429531.5,,,,,,,,,,,,,,,,,,,,,,
955,1645015692439729.8,,,,,,,,,,,,,,,,,,,,,,
956,1645015692449351.2,,,,,,,,,,,,,,,,,,,,,,
957,1645015692459284.5,,,,,,,,,,,,,,,,,,,,,,
958,1645015692469383.5,,,,,,,,,,,,,,,,,,,,,,
959,1645015692479323.2,,,,,,,,,,,,,,,,,,,,,,
960,1645015692489453.8,,,,,,,,,,,,,,,,,,,,,,
961,1645015692499504.8,,,,,,,,,,,,,,,,,,,,,,
962,1645015692509333.5,,,,,,,,,,,,,,,,,,,,,,
963,1645015692519363.0,,,,,,,,,,,,,,,,,,,,,,
964,1645015692529364.8,,,,,,,,,,,,,,,,,,,,,,
965,1645015692540541.2,,,,,,,,,,,,,,,,,,,,,,
966,1645015692549335.0,,,,,,,,,,,,,,,,,,,,,,
967,1645015692559300.5,,,,,,,,,,,,,,,,,,,,,,
968,1645015692569297.2,,,,,,,,,,,,,,,,,,,,,,
969,1645015692579328.5,,,,,,,,,,,,,,,,,,,,,,
970,1645015692589309.8,,,,,,,,,,,,,,,,,,,,,,
971,1645015692599385.8,,,,,,,,,,,,,,,,,,,,,,
972,1645015692609303.2,,,,,,,,,,,,,,,,,,,,,,
973,1645015692619326.2,,,,,,,,,,,,,,,,,,,,,,
974,1645015692629313.2,,,,,,,,,,,,,,,,,,,,,,
975,1645015692640204.5,,,,,,,,,,,,,,,,,,,,,,
976,1645015692649305.5,,,,,,,,,,,,,,,,,,,,,,
977,1645015692659531.2,,,,,,,,,,,,,,,,,,,,,,
978,1645015692669412.2,,,,,,,,,,,,,,,,,,,,,,
979,1645015692679345.2,,,,,,,,,,,,,,,,,,,,,,
980,1645015692689304.2,,,,,,,,,,,,,,,,,,,,,,
981,1645015692699278.8,,,,,,,,,,,,,,,,,,,,,,
982,1645015692709306.0,,,,,,,,,,,,,,,,,,,,,,
983,1645015692719366.2,,,,,,,,,,,,,,,,,,,,,,
984,1645015692729321.8,,,,,,,,,,,,,,,,,,,,,,
985,1645015692739294.5,,,,,,,,,,,,,,,,,,,,,,
986,1645015692749343.2,,,,,,,,,,,,,,,,,,,,,,
987,1645015692759434.5,,,,,,,,,,,,,,,,,,,,,,
988,1645015692769352.8,,,,,,,,,,,,,,,,,,,,,,
989,1645015692779387.2,,,,,,,,,,,,,,,,,,,,,,
990,1645015692789327.5,,,,,,,,,,,,,,,,,,,,,,
991,1645015692799382.2,,,,,,,,,,,,,,,,,,,,,,
992,1645015692809360.5,,,,,,,,,,,,,,,,,,,,,,
993,1645015692819304.8,,,,,,,,,,,,,,,,,,,,,,
994,1645015692829355.8,,,,,,,,,,,,,,,,,,,,,,
995,1645015692839363.0,,,,,,,,,,,,,,,,,,,,,,
996,1645015692849652.8,,,,,,,,,,,,,,,,,,,,,,
997,1645015692859372.8,,,,,,,,,,,,,,,,,,,,,,
998,1645015692869522.0,,,,,,,,,,,,,,,,,,,,,,
999,1645015692879287.5,,,,,,,,,,,,,,,,,,,,,,
1000,1645015692889399.8,,,,,,,,,,,,,,,,,,,,,,
1001,1645015692899402.5,,,,,,,,,,,,,,,,,,,,,,
1002,1645015692909475.5,,,,,,,,,,,,,,,,,,,,,,
1003,1645015692919398.5,,,,,,,,,,,,,,,,,,,,,,
1004,1645015692929383.5,,,,,,,,,,,,,,,,,,,,,,
1005,1645015692939294.2,,,,,,,,,,,,,,,,,,,,,,
1006,1645015692949462.0,,,,,,,,,,,,,,,,,,,,,,
1007,1645015692959549.8,,,,,,,,,,,,,,,,,,,,,,
1008,1645015692969338.0,,,,,,,,,,,,,,,,,,,,,,
1009,1645015692979417.8,,,,,,,,,,,,,,,,,,,,,,
1010,1645015692990412.2,,,,,,,,,,,,,,,,,,,,,,
1011,1645015692999295.2,,,,,,,,,,,,,,,,,,,,,,
1012,1645015693009405.8,,,,,,,,,,,,,,,,,,,,,,
1013,1645015693019492.8,,,,,,,,,,,,,,,,,,,,,,
1014,1645015693029278.2,,,,,,,,,,,,,,,,,,,,,,
1015,1645015693039367.2,,,,,,,,,,,,,,,,,,,,,,
1016,1645015693049384.0,,,,,,,,,,,,,,,,,,,,,,
1017,1645015693059276.0,,,,,,,,,,,,,,,,,,,,,,
1018,1645015693069427.8,,,,,,,,,,,,,,,,,,,,,,
1019,1645015693080287.2,,,,,,,,,,,,,,,,,,,,,,
1020,1645015693089276.5,,,,,,,,,,,,,,,,,,,,,,
1021,1645015693099427.2,,,,,,,,,,,,,,,,,,,,,,
1022,1645015693109414.0,,,,,,,,,,,,,,,,,,,,,,
1023,1645015693119301.2,,,,,,,,,,,,,,,,,,,,,,
1024,1645015693129339.0,,,,,,,,,,,,,,,,,,,,,,
1025,1645015693140481.8,,,,,,,,,,,,,,,,,,,,,,
1026,1645015693149313.0,,,,,,,,,,,,,,,,,,,,,,
1027,1645015693159351.0,,,,,,,,,,,,,,,,,,,,,,
1028,1645015693169541.8,,,,,,,,,,,,,,,,,,,,,,
1029,1645015693179272.0,,,,,,,,,,,,,,,,,,,,,,
1030,1645015693189336.0,,,,,,,,,,,,,,,,,,,,,,
1031,1645015693199778.5,,,,,,,,,,,,,,,,,,,,,,
1032,1645015693209311.8,,,,,,,,,,,,,,,,,,,,,,
1033,1645015693219762.2,,,,,,,,,,,,,,,,,,,,,,
1034,1645015693229428.2,,,,,,,,,,,,,,,,,,,,,,
1035,1645015693239270.0,,,,,,,,,,,,,,,,,,,,,,
1036,1645015693249295.5,,,,,,,,,,,,,,,,,,,,,,
1037,1645015693259578.0,,,,,,,,,,,,,,,,,,,,,,
1038,1645015693269271.5,,,,,,,,,,,,,,,,,,,,,,
1039,1645015693279633.2,,,,,,,,,,,,,,,,,,,,,,
1040,1645015693289362.2,,,,,,,,,,,,,,,,,,,,,,
1041,1645015693299317.5,,,,,,,,,,,,,,,,,,,,,,
1042,1645015693309302.5,,,,,,,,,,,,,,,,,,,,,,
1043,1645015693319582.2,,,,,,,,,,,,,,,,,,,,,,
1044,1645015693329259.8,,,,,,,,,,,,,,,,,,,,,,
1045,1645015693361097.2,,,,,,,,,,,,,,,,,,,,,,
1046,1645015693362687.8,,,,,,,,,,,,,,,,,,,,,,
1047,1645015693374188.5,,,,,,,,,,,,,,,,,,,,,,
1048,1645015693375242.5,,,,,,,,,,,,,,,,,,,,,,
1049,1645015693376074.2,,,,,,,,,,,,,,,,,,,,,,
1050,1645015693379632.2,,,,,,,,,,,,,,,,,,,,,,
1051,1645015693389401.0,,,,,,,,,,,,,,,,,,,,,,
1052,1645015693399408.2,,,,,,,,,,,,,,,,,,,,,,
1053,1645015693409575.8,,,,,,,,,,,,,,,,,,,,,,
1054,1645015693419566.5,,,,,,,,,,,,,,,,,,,,,,
1055,1645015693429599.8,,,,,,,,,,,,,,,,,,,,,,
1056,1645015693439467.5,,,,,,,,,,,,,,,,,,,,,,
1057,1645015693449340.2,,,,,,,,,,,,,,,,,,,,,,
1058,1645015693459395.2,,,,,,,,,,,,,,,,,,,,,,
1059,1645015693469337.5,,,,,,,,,,,,,,,,,,,,,,
1060,1645015693479317.8,,,,,,,,,,,,,,,,,,,,,,
1061,1645015693489453.0,,,,,,,,,,,,,,,,,,,,,,
1062,1645015693499563.5,,,,,,,,,,,,,,,,,,,,,,
1063,1645015693509348.2,,,,,,,,,,,,,,,,,,,,,,
1064,1645015693519388.0,,,,,,,,,,,,,,,,,,,,,,
1065,1645015693529314.5,,,,,,,,,,,,,,,,,,,,,,
1066,1645015693539271.0,,,,,,,,,,,,,,,,,,,,,,
1067,1645015693549323.5,,,,,,,,,,,,,,,,,,,,,,
1068,1645015693559395.0,,,,,,,,,,,,,,,,,,,,,,
1069,1645015693569266.8,,,,,,,,,,,,,,,,,,,,,,
1070,1645015693579339.8,,,,,,,,,,,,,,,,,,,,,,
1071,1645015693589349.5,,,,,,,,,,,,,,,,,,,,,,
1072,1645015693599313.2,,,,,,,,,,,,,,,,,,,,,,
1073,1645015693609338.5,,,,,,,,,,,,,,,,,,,,,,
1074,1645015693619380.2,,,,,,,,,,,,,,,,,,,,,,
1075,1645015693629264.5,,,,,,,,,,,,,,,,,,,,,,
1076,1645015693639719.2,,,,,,,,,,,,,,,,,,,,,,
1077,1645015693649358.2,,,,,,,,,,,,,,,,,,,,,,
1078,1645015693659327.5,,,,,,,,,,,,,,,,,,,,,,
1079,1645015693669321.0,,,,,,,,,,,,,,,,,,,,,,
1080,1645015693679464.2,,,,,,,,,,,,,,,,,,,,,,
1081,1645015693689309.2,,,,,,,,,,,,,,,,,,,,,,
1082,1645015693699281.0,,,,,,,,,,,,,,,,,,,,,,
1083,1645015693709344.2,,,,,,,,,,,,,,,,,,,,,,
1084,1645015693719344.0,,,,,,,,,,,,,,,,,,,,,,
1085,1645015693729294.2,,,,,,,,,,,,,,,,,,,,,,
1086,1645015693740013.0,,,,,,,,,,,,,,,,,,,,,,
1087,1645015693749311.2,,,,,,,,,,,,,,,,,,,,,,
1088,1645015693759382.2,,,,,,,,,,,,,,,,,,,,,,
1089,1645015693769365.8,,,,,,,,,,,,,,,,,,,,,,
1090,1645015693779372.2,,,,,,,,,,,,,,,,,,,,,,
1091,1645015693789394.5,,,,,,,,,,,,,,,,,,,,,,
1092,1645015693799491.5,,,,,,,,,,,,,,,,,,,,,,
1093,1645015693809359.0,,,,,,,,,,,,,,,,,,,,,,
1094,1645015693819306.0,,,,,,,,,,,,,,,,,,,,,,
1095,1645015693829357.0,,,,,,,,,,,,,,,,,,,,,,
1096,1645015693839325.5,,,,,,,,,,,,,,,,,,,,,,
1097,1645015693849426.8,,,,,,,,,,,,,,,,,,,,,,
1098,1645015693859646.2,,,,,,,,,,,,,,,,,,,,,,
1099,1645015693869335.0,,,,,,,,,,,,,,,,,,,,,,
1100,1645015693879292.0,,,,,,,,,,,,,,,,,,,,,,
1101,1645015693889414.2,,,,,,,,,,,,,,,,,,,,,,
1102,1645015693899522.5,,,,,,,,,,,,,,,,,,,,,,
1103,1645015693909366.2,,,,,,,,,,,,,,,,,,,,,,
1104,1645015693921519.0,,,,,,,,,,,,,,,,,,,,,,
1105,1645015693929334.8,,,,,,,,,,,,,,,,,,,,,,
1106,1645015693940320.8,,,,,,,,,,,,,,,,,,,,,,
1107,1645015693949448.5,,,,,,,,,,,,,,,,,,,,,,
1108,1645015693959388.2,,,,,,,,,,,,,,,,,,,,,,
1109,1645015693969323.5,,,,,,,,,,,,,,,,,,,,,,
1110,1645015693979428.0,,,,,,,,,,,,,,,,,,,,,,
1111,1645015693990643.8,,,,,,,,,,,,,,,,,,,,,,
1112,1645015693999278.2,,,,,,,,,,,,,,,,,,,,,,
1113,1645015694009422.8,,,,,,,,,,,,,,,,,,,,,,
1114,1645015694020043.5,,,,,,,,,,,,,,,,,,,,,,
1115,1645015694029272.5,,,,,,,,,,,,,,,,,,,,,,
1116,1645015694039417.8,,,,,,,,,,,,,,,,,,,,,,
1117,1645015694049558.8,,,,,,,,,,,,,,,,,,,,,,
1118,1645015694059266.5,,,,,,,,,,,,,,,,,,,,,,
1119,1645015694069355.8,,,,,,,,,,,,,,,,,,,,,,
1120,1645015694080726.8,,,,,,,,,,,,,,,,,,,,,,
1121,1645015694089272.0,,,,,,,,,,,,,,,,,,,,,,
1122,1645015694099451.2,,,,,,,,,,,,,,,,,,,,,,
1123,1645015694109424.8,,,,,,,,,,,,,,,,,,,,,,
1124,1645015694119445.5,,,,,,,,,,,,,,,,,,,,,,
1125,1645015694129358.8,,,,,,,,,,,,,,,,,,,,,,
1126,1645015694139525.8,,,,,,,,,,,,,,,,,,,,,,
1127,1645015694149389.0,,,,,,,,,,,,,,,,,,,,,,
1128,1645015694159472.0,,,,,,,,,,,,,,,,,,,,,,
1129,1645015694169358.8,,,,,,,,,,,,,,,,,,,,,,
1130,1645015694179304.0,,,,,,,,,,,,,,,,,,,,,,
1131,1645015694189423.2,,,,,,,,,,,,,,,,,,,,,,
1132,1645015694199522.5,,,,,,,,,,,,,,,,,,,,,,
1133,1645015694209313.5,,,,,,,,,,,,,,,,,,,,,,
1134,1645015694219356.8,,,,,,,,,,,,,,,,,,,,,,
1135,1645015694229417.5,,,,,,,,,,,,,,,,,,,,,,
1136,1645015694239284.5,,,,,,,,,,,,,,,,,,,,,,
1137,1645015694249345.5,,,,,,,,,,,,,,,,,,,,,,
1138,1645015694259634.5,,,,,,,,,,,,,,,,,,,,,,
1139,1645015694269285.2,,,,,,,,,,,,,,,,,,,,,,
1140,1645015694279386.5,,,,,,,,,,,,,,,,,,,,,,
1141,1645015694289346.2,,,,,,,,,,,,,,,,,,,,,,
1142,1645015694299276.5,,,,,,,,,,,,,,,,,,,,,,
1143,1645015694309364.8,,,,,,,,,,,,,,,,,,,,,,
1144,1645015694319589.0,,,,,,,,,,,,,,,,,,,,,,
1145,1645015694329297.0,,,,,,,,,,,,,,,,,,,,,,
1146,1645015694376410.5,,,,,,,,,,,,,,,,,,,,,,
1147,1645015694378360.5,,,,,,,,,,,,,,,,,,,,,,
1148,1645015694381494.5,,,,,,,,,,,,,,,,,,,,,,
1149,1645015694382990.8,,,,,,,,,,,,,,,,,,,,,,
1150,1645015694383547.5,,,,,,,,,,,,,,,,,,,,,,
1151,1645015694384044.5,,,,,,,,,,,,,,,,,,,,,,
1152,1645015694391556.2,,,,,,,,,,,,,,,,,,,,,,
1153,1645015694399397.2,,,,,,,,,,,,,,,,,,,,,,
1154,1645015694409659.8,,,,,,,,,,,,,,,,,,,,,,
1155,1645015694419609.8,,,,,,,,,,,,,,,,,,,,,,
1156,1645015694429533.5,,,,,,,,,,,,,,,,,,,,,,
1157,1645015694439527.5,,,,,,,,,,,,,,,,,,,,,,
1158,1645015694449332.8,,,,,,,,,,,,,,,,,,,,,,
1159,1645015694459434.2,,,,,,,,,,,,,,,,,,,,,,
1160,1645015694469297.0,,,,,,,,,,,,,,,,,,,,,,
1161,1645015694479389.5,,,,,,,,,,,,,,,,,,,,,,
1162,1645015694489313.2,,,,,,,,,,,,,,,,,,,,,,
1163,1645015694499469.5,,,,,,,,,,,,,,,,,,,,,,
1164,1645015694509258.8,,,,,,,,,,,,,,,,,,,,,,
1165,1645015694519399.8,,,,,,,,,,,,,,,,,,,,,,
1166,1645015694529292.0,,,,,,,,,,,,,,,,,,,,,,
1167,1645015694539291.2,,,,,,,,,,,,,,,,,,,,,,
1168,1645015694549554.2,,,,,,,,,,,,,,,,,,,,,,
1169,1645015694559484.0,,,,,,,,,,,,,,,,,,,,,,
1170,1645015694569303.8,,,,,,,,,,,,,,,,,,,,,,
1171,1645015694579307.2,,,,,,,,,,,,,,,,,,,,,,
1172,1645015694589276.0,,,,,,,,,,,,,,,,,,,,,,
1173,1645015694599656.8,,,,,,,,,,,,,,,,,,,,,,
1174,1645015694609359.0,,,,,,,,,,,,,,,,,,,,,,
1175,1645015694619381.0,,,,,,,,,,,,,,,,,,,,,,
1176,1645015694629251.2,,,,,,,,,,,,,,,,,,,,,,
1177,1645015694639913.0,,,,,,,,,,,,,,,,,,,,,,
1178,1645015694649343.5,,,,,,,,,,,,,,,,,,,,,,
1179,1645015694659328.5,,,,,,,,,,,,,,,,,,,,,,
1180,1645015694669373.2,,,,,,,,,,,,,,,,,,,,,,
1181,1645015694679403.8,,,,,,,,,,,,,,,,,,,,,,
1182,1645015694689309.5,,,,,,,,,,,,,,,,,,,,,,
1183,1645015694699310.0,,,,,,,,,,,,,,,,,,,,,,
1184,1645015694709304.5,,,,,,,,,,,,,,,,,,,,,,
1185,1645015694719293.2,,,,,,,,,,,,,,,,,,,,,,
1186,1645015694729331.0,,,,,,,,,,,,,,,,,,,,,,
1187,1645015694739438.2,,,,,,,,,,,,,,,,,,,,,,
1188,1645015694749283.2,,,,,,,,,,,,,,,,,,,,,,
1189,1645015694759427.2,,,,,,,,,,,,,,,,,,,,,,
1190,1645015694769371.5,,,,,,,,,,,,,,,,,,,,,,
1191,1645015694779301.0,,,,,,,,,,,,,,,,,,,,,,
1192,1645015694789413.2,,,,,,,,,,,,,,,,,,,,,,
1193,1645015694799570.8,,,,,,,,,,,,,,,,,,,,,,
1194,1645015694809296.2,,,,,,,,,,,,,,,,,,,,,,
1195,1645015694819327.2,,,,,,,,,,,,,,,,,,,,,,
1196,1645015694829337.5,,,,,,,,,,,,,,,,,,,,,,
1197,1645015694839293.0,,,,,,,,,,,,,,,,,,,,,,
1198,1645015694849459.2,,,,,,,,,,,,,,,,,,,,,,
1199,1645015694859470.2,,,,,,,,,,,,,,,,,,,,,,
1200,1645015694869279.2,,,,,,,,,,,,,,,,,,,,,,
1201,1645015694879341.0,,,,,,,,,,,,,,,,,,,,,,
1202,1645015694889400.8,,,,,,,,,,,,,,,,,,,,,,
1203,1645015694899317.5,,,,,,,,,,,,,,,,,,,,,,
1204,1645015694909352.8,,,,,,,,,,,,,,,,,,,,,,
1205,1645015694919558.0,,,,,,,,,,,,,,,,,,,,,,
1206,1645015694929292.5,,,,,,,,,,,,,,,,,,,,,,
1207,1645015694940060.8,,,,,,,,,,,,,,,,,,,,,,
1208,1645015694949389.0,,,,,,,,,,,,,,,,,,,,,,
1209,1645015694959334.2,,,,,,,,,,,,,,,,,,,,,,
1210,1645015694969356.2,,,,,,,,,,,,,,,,,,,,,,
1211,1645015694979412.2,,,,,,,,,,,,,,,,,,,,,,
1212,1645015694990901.5,,,,,,,,,,,,,,,,,,,,,,
1213,1645015694999257.0,,,,,,,,,,,,,,,,,,,,,,
1214,1645015695009358.0,,,,,,,,,,,,,,,,,,,,,,
1215,1645015695019338.8,,,,,,,,,,,,,,,,,,,,,,
1216,1645015695029283.8,,,,,,,,,,,,,,,,,,,,,,
1217,1645015695039443.2,,,,,,,,,,,,,,,,,,,,,,
1218,1645015695049310.2,,,,,,,,,,,,,,,,,,,,,,
1219,1645015695059531.8,,,,,,,,,,,,,,,,,,,,,,
1220,1645015695069391.2,,,,,,,,,,,,,,,,,,,,,,
1221,1645015695080298.5,,,,,,,,,,,,,,,,,,,,,,
1222,1645015695089248.5,,,,,,,,,,,,,,,,,,,,,,
1223,1645015695099453.8,,,,,,,,,,,,,,,,,,,,,,
1224,1645015695109316.5,,,,,,,,,,,,,,,,,,,,,,
1225,1645015695119315.2,,,,,,,,,,,,,,,,,,,,,,
1226,1645015695129357.0,,,,,,,,,,,,,,,,,,,,,,
1227,1645015695139419.8,,,,,,,,,,,,,,,,,,,,,,
1228,1645015695149280.0,,,,,,,,,,,,,,,,,,,,,,
1229,1645015695159478.5,,,,,,,,,,,,,,,,,,,,,,
1230,1645015695169359.8,,,,,,,,,,,,,,,,,,,,,,
1231,1645015695179309.2,,,,,,,,,,,,,,,,,,,,,,
1232,1645015695189379.5,,,,,,,,,,,,,,,,,,,,,,
1233,1645015695203971.5,,,,,,,,,,,,,,,,,,,,,,
1234,1645015695209458.5,,,,,,,,,,,,,,,,,,,,,,
1235,1645015695219433.8,,,,,,,,,,,,,,,,,,,,,,
1236,1645015695229347.5,,,,,,,,,,,,,,,,,,,,,,
1237,1645015695239353.2,,,,,,,,,,,,,,,,,,,,,,
1238,1645015695249655.8,,,,,,,,,,,,,,,,,,,,,,
1239,1645015695259420.2,,,,,,,,,,,,,,,,,,,,,,
1240,1645015695269352.2,,,,,,,,,,,,,,,,,,,,,,
1241,1645015695279395.0,,,,,,,,,,,,,,,,,,,,,,
1242,1645015695289296.8,,,,,,,,,,,,,,,,,,,,,,
1243,1645015695299356.8,,,,,,,,,,,,,,,,,,,,,,
1244,1645015695309322.8,,,,,,,,,,,,,,,,,,,,,,
1245,1645015695319409.2,,,,,,,,,,,,,,,,,,,,,,
1246,1645015695329290.8,,,,,,,,,,,,,,,,,,,,,,
1247,1645015695339312.0,,,,,,,,,,,,,,,,,,,,,,
1248,1645015695367774.5,,,,,,,,,,,,,,,,,,,,,,
1249,1645015695371639.8,,,,,,,,,,,,,,,,,,,,,,
1250,1645015695373051.8,,,,,,,,,,,,,,,,,,,,,,
1251,1645015695373750.5,,,,,,,,,,,,,,,,,,,,,,
1252,1645015695380480.0,,,,,,,,,,,,,,,,,,,,,,
1253,1645015695389527.0,,,,,,,,,,,,,,,,,,,,,,
1254,1645015695399429.5,,,,,,,,,,,,,,,,,,,,,,
1255,1645015695409596.5,,,,,,,,,,,,,,,,,,,,,,
1256,1645015695419611.5,,,,,,,,,,,,,,,,,,,,,,
1257,1645015695429518.8,,,,,,,,,,,,,,,,,,,,,,
1258,1645015695439587.0,,,,,,,,,,,,,,,,,,,,,,
1259,1645015695449270.8,,,,,,,,,,,,,,,,,,,,,,
1260,1645015695459352.2,,,,,,,,,,,,,,,,,,,,,,
1261,1645015695469390.8,,,,,,,,,,,,,,,,,,,,,,
1262,1645015695479314.5,,,,,,,,,,,,,,,,,,,,,,
1263,1645015695489336.8,,,,,,,,,,,,,,,,,,,,,,
1264,1645015695499538.2,,,,,,,,,,,,,,,,,,,,,,
1265,1645015695509268.8,,,,,,,,,,,,,,,,,,,,,,
1266,1645015695519399.0,,,,,,,,,,,,,,,,,,,,,,
1267,1645015695529351.8,,,,,,,,,,,,,,,,,,,,,,
1268,1645015695540400.0,,,,,,,,,,,,,,,,,,,,,,
1269,1645015695549334.0,,,,,,,,,,,,,,,,,,,,,,
1270,1645015695559540.8,,,,,,,,,,,,,,,,,,,,,,
1271,1645015695569294.0,,,,,,,,,,,,,,,,,,,,,,
1272,1645015695579351.0,,,,,,,,,,,,,,,,,,,,,,
1273,1645015695589325.0,,,,,,,,,,,,,,,,,,,,,,
1274,1645015695599295.0,,,,,,,,,,,,,,,,,,,,,,
1275,1645015695609345.5,,,,,,,,,,,,,,,,,,,,,,
1276,1645015695619423.2,,,,,,,,,,,,,,,,,,,,,,
1277,1645015695629321.8,,,,,,,,,,,,,,,,,,,,,,
1278,1645015695639297.5,,,,,,,,,,,,,,,,,,,,,,
1279,1645015695649375.5,,,,,,,,,,,,,,,,,,,,,,
1280,1645015695659310.2,,,,,,,,,,,,,,,,,,,,,,
1281,1645015695669306.2,,,,,,,,,,,,,,,,,,,,,,
1282,1645015695679453.5,,,,,,,,,,,,,,,,,,,,,,
1283,1645015695689278.5,,,,,,,,,,,,,,,,,,,,,,
1284,1645015695699294.8,,,,,,,,,,,,,,,,,,,,,,
1285,1645015695709276.8,,,,,,,,,,,,,,,,,,,,,,
1286,1645015695719262.8,,,,,,,,,,,,,,,,,,,,,,
1287,1645015695729361.2,,,,,,,,,,,,,,,,,,,,,,
1288,1645015695739464.0,,,,,,,,,,,,,,,,,,,,,,
1289,1645015695749279.2,,,,,,,,,,,,,,,,,,,,,,
1290,1645015695759461.2,,,,,,,,,,,,,,,,,,,,,,
1291,1645015695769325.8,,,,,,,,,,,,,,,,,,,,,,
1292,1645015695779249.5,,,,,,,,,,,,,,,,,,,,,,
1293,1645015695789377.5,,,,,,,,,,,,,,,,,,,,,,
1294,1645015695799510.8,,,,,,,,,,,,,,,,,,,,,,
1295,1645015695809253.5,,,,,,,,,,,,,,,,,,,,,,
1296,1645015695819328.2,,,,,,,,,,,,,,,,,,,,,,
1297,1645015695829320.0,,,,,,,,,,,,,,,,,,,,,,
1298,1645015695839277.8,,,,,,,,,,,,,,,,,,,,,,
1299,1645015695849490.5,,,,,,,,,,,,,,,,,,,,,,
1300,1645015695859697.2,,,,,,,,,,,,,,,,,,,,,,
1301,1645015695869349.0,,,,,,,,,,,,,,,,,,,,,,
1302,1645015695879356.5,,,,,,,,,,,,,,,,,,,,,,
1303,1645015695889417.8,,,,,,,,,,,,,,,,,,,,,,
1304,1645015695901398.0,,,,,,,,,,,,,,,,,,,,,,
1305,1645015695909474.0,,,,,,,,,,,,,,,,,,,,,,
1306,1645015695919303.5,,,,,,,,,,,,,,,,,,,,,,
1307,1645015695929278.2,,,,,,,,,,,,,,,,,,,,,,
1308,1645015695940016.0,,,,,,,,,,,,,,,,,,,,,,
1309,1645015695949534.2,,,,,,,,,,,,,,,,,,,,,,
1310,1645015695959288.2,,,,,,,,,,,,,,,,,,,,,,
1311,1645015695969314.5,,,,,,,,,,,,,,,,,,,,,,
1312,1645015695979364.8,,,,,,,,,,,,,,,,,,,,,,
1313,1645015695990548.5,,,,,,,,,,,,,,,,,,,,,,
1314,1645015695999307.5,,,,,,,,,,,,,,,,,,,,,,
1315,1645015696009369.0,,,,,,,,,,,,,,,,,,,,,,
1316,1645015696019322.5,,,,,,,,,,,,,,,,,,,,,,
1317,1645015696029276.8,,,,,,,,,,,,,,,,,,,,,,
1318,1645015696039486.0,,,,,,,,,,,,,,,,,,,,,,
1319,1645015696049282.5,,,,,,,,,,,,,,,,,,,,,,
1320,1645015696059355.0,,,,,,,,,,,,,,,,,,,,,,
1321,1645015696069334.8,,,,,,,,,,,,,,,,,,,,,,
1322,1645015696080279.0,,,,,,,,,,,,,,,,,,,,,,
1323,1645015696089380.8,,,,,,,,,,,,,,,,,,,,,,
1324,1645015696099495.5,,,,,,,,,,,,,,,,,,,,,,
1325,1645015696109313.8,,,,,,,,,,,,,,,,,,,,,,
1326,1645015696119315.2,,,,,,,,,,,,,,,,,,,,,,
1327,1645015696129344.5,,,,,,,,,,,,,,,,,,,,,,
1328,1645015696139973.2,,,,,,,,,,,,,,,,,,,,,,
1329,1645015696149320.8,,,,,,,,,,,,,,,,,,,,,,
1330,1645015696159373.2,,,,,,,,,,,,,,,,,,,,,,
1331,1645015696169354.0,,,,,,,,,,,,,,,,,,,,,,
1332,1645015696179254.5,,,,,,,,,,,,,,,,,,,,,,
1333,1645015696189747.5,,,,,,,,,,,,,,,,,,,,,,
1334,1645015696199348.2,,,,,,,,,,,,,,,,,,,,,,
1335,1645015696209322.5,,,,,,,,,,,,,,,,,,,,,,
1336,1645015696219348.5,,,,,,,,,,,,,,,,,,,,,,
1337,1645015696229285.5,,,,,,,,,,,,,,,,,,,,,,
1338,1645015696239246.2,,,,,,,,,,,,,,,,,,,,,,
1339,1645015696249344.8,,,,,,,,,,,,,,,,,,,,,,
1340,1645015696259474.0,,,,,,,,,,,,,,,,,,,,,,
1341,1645015696269275.0,,,,,,,,,,,,,,,,,,,,,,
1342,1645015696279438.8,,,,,,,,,,,,,,,,,,,,,,
1343,1645015696289328.2,,,,,,,,,,,,,,,,,,,,,,
1344,1645015696299325.2,,,,,,,,,,,,,,,,,,,,,,
1345,1645015696309386.8,,,,,,,,,,,,,,,,,,,,,,
1346,1645015696319512.0,,,,,,,,,,,,,,,,,,,,,,
1347,1645015696329269.0,,,,,,,,,,,,,,,,,,,,,,
1348,1645015696339333.0,,,,,,,,,,,,,,,,,,,,,,
1349,1645015696372324.0,,,,,,,,,,,,,,,,,,,,,,
1350,1645015696375193.0,,,,,,,,,,,,,,,,,,,,,,
1351,1645015696377360.8,,,,,,,,,,,,,,,,,,,,,,
1352,1645015696378281.0,,,,,,,,,,,,,,,,,,,,,,
1353,1645015696379695.0,,,,,,,,,,,,,,,,,,,,,,
1354,1645015696389536.2,,,,,,,,,,,,,,,,,,,,,,
1355,1645015696399727.5,,,,,,,,,,,,,,,,,,,,,,
1356,1645015696409531.2,,,,,,,,,,,,,,,,,,,,,,
1357,1645015696419521.8,,,,,,,,,,,,,,,,,,,,,,
1358,1645015696429646.2,,,,,,,,,,,,,,,,,,,,,,
1359,1645015696439460.8,,,,,,,,,,,,,,,,,,,,,,
1360,1645015696449496.0,,,,,,,,,,,,,,,,,,,,,,
1361,1645015696459459.5,,,,,,,,,,,,,,,,,,,,,,
1362,1645015696469462.0,,,,,,,,,,,,,,,,,,,,,,
1363,1645015696479335.8,,,,,,,,,,,,,,,,,,,,,,
1364,1645015696489335.2,,,,,,,,,,,,,,,,,,,,,,
1365,1645015696499431.2,,,,,,,,,,,,,,,,,,,,,,
1366,1645015696509342.2,,,,,,,,,,,,,,,,,,,,,,
1367,1645015696519222.2,,,,,,,,,,,,,,,,,,,,,,
1368,1645015696529360.5,,,,,,,,,,,,,,,,,,,,,,
1369,1645015696539249.5,,,,,,,,,,,,,,,,,,,,,,
1370,1645015696550108.5,,,,,,,,,,,,,,,,,,,,,,
1371,1645015696559522.8,,,,,,,,,,,,,,,,,,,,,,
1372,1645015696569261.5,,,,,,,,,,,,,,,,,,,,,,
1373,1645015696579217.8,,,,,,,,,,,,,,,,,,,,,,
1374,1645015696589273.2,,,,,,,,,,,,,,,,,,,,,,
1375,1645015696599264.8,,,,,,,,,,,,,,,,,,,,,,
1376,1645015696609305.0,,,,,,,,,,,,,,,,,,,,,,
1377,1645015696619530.8,,,,,,,,,,,,,,,,,,,,,,
1378,1645015696629230.8,,,,,,,,,,,,,,,,,,,,,,
1379,1645015696639721.8,,,,,,,,,,,,,,,,,,,,,,
1380,1645015696649244.5,,,,,,,,,,,,,,,,,,,,,,
1381,1645015696659279.8,,,,,,,,,,,,,,,,,,,,,,
1382,1645015696669307.5,,,,,,,,,,,,,,,,,,,,,,
1383,1645015696679554.5,,,,,,,,,,,,,,,,,,,,,,
1384,1645015696689244.8,,,,,,,,,,,,,,,,,,,,,,
1385,1645015696699247.8,,,,,,,,,,,,,,,,,,,,,,
1386,1645015696709408.2,,,,,,,,,,,,,,,,,,,,,,
1387,1645015696719262.0,,,,,,,,,,,,,,,,,,,,,,
1388,1645015696729262.0,,,,,,,,,,,,,,,,,,,,,,
1389,1645015696740457.2,,,,,,,,,,,,,,,,,,,,,,
1390,1645015696749275.5,,,,,,,,,,,,,,,,,,,,,,
1391,1645015696759280.0,,,,,,,,,,,,,,,,,,,,,,
1392,1645015696769340.8,,,,,,,,,,,,,,,,,,,,,,
1393,1645015696779261.5,,,,,,,,,,,,,,,,,,,,,,
1394,1645015696789279.8,,,,,,,,,,,,,,,,,,,,,,
1395,1645015696799553.2,,,,,,,,,,,,,,,,,,,,,,
1396,1645015696809217.8,,,,,,,,,,,,,,,,,,,,,,
1397,1645015696819273.8,,,,,,,,,,,,,,,,,,,,,,
1398,1645015696829290.8,,,,,,,,,,,,,,,,,,,,,,
1399,1645015696839267.8,,,,,,,,,,,,,,,,,,,,,,
1400,1645015696849477.0,,,,,,,,,,,,,,,,,,,,,,
1401,1645015696859657.2,,,,,,,,,,,,,,,,,,,,,,
1402,1645015696869238.5,,,,,,,,,,,,,,,,,,,,,,
1403,1645015696879311.2,,,,,,,,,,,,,,,,,,,,,,
1404,1645015696889442.2,,,,,,,,,,,,,,,,,,,,,,
1405,1645015696899284.5,,,,,,,,,,,,,,,,,,,,,,
1406,1645015696909340.5,,,,,,,,,,,,,,,,,,,,,,
1407,1645015696919548.2,,,,,,,,,,,,,,,,,,,,,,
1408,1645015696929252.8,,,,,,,,,,,,,,,,,,,,,,
1409,1645015696940164.8,,,,,,,,,,,,,,,,,,,,,,
1410,1645015696949341.0,,,,,,,,,,,,,,,,,,,,,,
1411,1645015696959285.8,,,,,,,,,,,,,,,,,,,,,,
1412,1645015696969345.2,,,,,,,,,,,,,,,,,,,,,,
1413,1645015696979405.8,,,,,,,,,,,,,,,,,,,,,,
1414,1645015696990637.5,,,,,,,,,,,,,,,,,,,,,,
1415,1645015696999235.0,,,,,,,,,,,,,,,,,,,,,,
1416,1645015697009376.5,,,,,,,,,,,,,,,,,,,,,,
1417,1645015697019257.0,,,,,,,,,,,,,,,,,,,,,,
1418,1645015697029302.0,,,,,,,,,,,,,,,,,,,,,,
1419,1645015697039771.2,,,,,,,,,,,,,,,,,,,,,,
1420,1645015697049265.5,,,,,,,,,,,,,,,,,,,,,,
1421,1645015697059275.8,,,,,,,,,,,,,,,,,,,,,,
1422,1645015697069308.5,,,,,,,,,,,,,,,,,,,,,,
1423,1645015697080250.8,,,,,,,,,,,,,,,,,,,,,,
1424,1645015697089340.0,,,,,,,,,,,,,,,,,,,,,,
1425,1645015697099556.0,,,,,,,,,,,,,,,,,,,,,,
1426,1645015697109271.5,,,,,,,,,,,,,,,,,,,,,,
1427,1645015697119359.5,,,,,,,,,,,,,,,,,,,,,,
1428,1645015697129322.0,,,,,,,,,,,,,,,,,,,,,,
1429,1645015697139255.0,,,,,,,,,,,,,,,,,,,,,,
1430,1645015697149287.0,,,,,,,,,,,,,,,,,,,,,,
1431,1645015697159350.8,,,,,,,,,,,,,,,,,,,,,,
1432,1645015697169350.5,,,,,,,,,,,,,,,,,,,,,,
1433,1645015697179444.2,,,,,,,,,,,,,,,,,,,,,,
1434,1645015697189259.0,,,,,,,,,,,,,,,,,,,,,,
1435,1645015697199259.8,,,,,,,,,,,,,,,,,,,,,,
1436,1645015697209298.8,,,,,,,,,,,,,,,,,,,,,,
1437,1645015697219246.8,,,,,,,,,,,,,,,,,,,,,,
1438,1645015697229257.5,,,,,,,,,,,,,,,,,,,,,,
1439,1645015697239650.8,,,,,,,,,,,,,,,,,,,,,,
1440,1645015697249244.8,,,,,,,,,,,,,,,,,,,,,,
1441,1645015697259294.8,,,,,,,,,,,,,,,,,,,,,,
1442,1645015697269245.0,,,,,,,,,,,,,,,,,,,,,,
1443,1645015697279333.0,,,,,,,,,,,,,,,,,,,,,,
1444,1645015697289245.2,,,,,,,,,,,,,,,,,,,,,,
1445,1645015697299278.8,,,,,,,,,,,,,,,,,,,,,,
1446,1645015697309238.8,,,,,,,,,,,,,,,,,,,,,,
1447,1645015697319272.5,,,,,,,,,,,,,,,,,,,,,,
1448,1645015697329256.2,,,,,,,,,,,,,,,,,,,,,,
1449,1645015697364147.2,,,,,,,,,,,,,,,,,,,,,,
1450,1645015697365959.8,,,,,,,,,,,,,,,,,,,,,,
1451,1645015697370076.2,,,,,,,,,,,,,,,,,,,,,,
1452,1645015697371540.8,,,,,,,,,,,,,,,,,,,,,,
1453,1645015697372155.8,,,,,,,,,,,,,,,,,,,,,,
1454,1645015697379571.2,,,,,,,,,,,,,,,,,,,,,,
1455,1645015697389778.2,,,,,,,,,,,,,,,,,,,,,,
1456,1645015697399477.8,,,,,,,,,,,,,,,,,,,,,,
1457,1645015697409494.8,,,,,,,,,,,,,,,,,,,,,,
1458,1645015697419397.0,,,,,,,,,,,,,,,,,,,,,,
1459,1645015697429684.5,,,,,,,,,,,,,,,,,,,,,,
1460,1645015697439468.2,,,,,,,,,,,,,,,,,,,,,,
1461,1645015697449268.0,,,,,,,,,,,,,,,,,,,,,,
1462,1645015697459679.2,,,,,,,,,,,,,,,,,,,,,,
1463,1645015697469311.8,,,,,,,,,,,,,,,,,,,,,,
1464,1645015697479303.5,,,,,,,,,,,,,,,,,,,,,,
1465,1645015697489400.8,,,,,,,,,,,,,,,,,,,,,,
1466,1645015697499356.8,,,,,,,,,,,,,,,,,,,,,,
1467,1645015697509389.2,,,,,,,,,,,,,,,,,,,,,,
1468,1645015697519371.5,,,,,,,,,,,,,,,,,,,,,,
1469,1645015697529392.8,,,,,,,,,,,,,,,,,,,,,,
1470,1645015697540200.0,,,,,,,,,,,,,,,,,,,,,,
1471,1645015697549353.0,,,,,,,,,,,,,,,,,,,,,,
1472,1645015697559550.5,,,,,,,,,,,,,,,,,,,,,,
1473,1645015697569336.5,,,,,,,,,,,,,,,,,,,,,,
1474,1645015697579371.0,,,,,,,,,,,,,,,,,,,,,,
1475,1645015697589314.5,,,,,,,,,,,,,,,,,,,,,,
1476,1645015697599287.2,,,,,,,,,,,,,,,,,,,,,,
1477,1645015697609609.2,,,,,,,,,,,,,,,,,,,,,,
1478,1645015697619497.2,,,,,,,,,,,,,,,,,,,,,,
1479,1645015697629236.8,,,,,,,,,,,,,,,,,,,,,,
1480,1645015697639360.0,,,,,,,,,,,,,,,,,,,,,,
1481,1645015697649359.8,,,,,,,,,,,,,,,,,,,,,,
1482,1645015697659305.8,,,,,,,,,,,,,,,,,,,,,,
1483,1645015697669291.2,,,,,,,,,,,,,,,,,,,,,,
1484,1645015697679573.8,,,,,,,,,,,,,,,,,,,,,,
1485,1645015697689265.5,,,,,,,,,,,,,,,,,,,,,,
1486,1645015697699954.8,,,,,,,,,,,,,,,,,,,,,,
1487,1645015697709377.0,,,,,,,,,,,,,,,,,,,,,,
1488,1645015697719266.5,,,,,,,,,,,,,,,,,,,,,,
1489,1645015697729297.2,,,,,,,,,,,,,,,,,,,,,,
1490,1645015697739556.5,,,,,,,,,,,,,,,,,,,,,,
1491,1645015697749260.0,,,,,,,,,,,,,,,,,,,,,,
1492,1645015697759426.2,,,,,,,,,,,,,,,,,,,,,,
1493,1645015697769379.2,,,,,,,,,,,,,,,,,,,,,,
1494,1645015697779229.5,,,,,,,,,,,,,,,,,,,,,,
1495,1645015697789309.2,,,,,,,,,,,,,,,,,,,,,,
1496,1645015697799508.2,,,,,,,,,,,,,,,,,,,,,,
1497,1645015697809216.0,,,,,,,,,,,,,,,,,,,,,,
1498,1645015697819374.2,,,,,,,,,,,,,,,,,,,,,,
1499,1645015697829309.2,,,,,,,,,,,,,,,,,,,,,,
1500,1645015697839244.2,,,,,,,,,,,,,,,,,,,,,,
1501,1645015697849401.8,,,,,,,,,,,,,,,,,,,,,,
1502,1645015697859605.8,,,,,,,,,,,,,,,,,,,,,,
1503,1645015697869315.2,,,,,,,,,,,,,,,,,,,,,,
1504,1645015697879321.2,,,,,,,,,,,,,,,,,,,,,,
1505,1645015697889479.8,,,,,,,,,,,,,,,,,,,,,,
1506,1645015697899272.5,,,,,,,,,,,,,,,,,,,,,,
1507,1645015697909366.5,,,,,,,,,,,,,,,,,,,,,,
1508,1645015697919291.8,,,,,,,,,,,,,,,,,,,,,,
1509,1645015697929312.5,,,,,,,,,,,,,,,,,,,,,,
1510,1645015697940476.2,,,,,,,,,,,,,,,,,,,,,,
1511,1645015697949513.8,,,,,,,,,,,,,,,,,,,,,,
1512,1645015697959301.2,,,,,,,,,,,,,,,,,,,,,,
1513,1645015697969285.2,,,,,,,,,,,,,,,,,,,,,,
1514,1645015697979475.2,,,,,,,,,,,,,,,,,,,,,,
1515,1645015697990900.8,,,,,,,,,,,,,,,,,,,,,,
1516,1645015697999277.8,,,,,,,,,,,,,,,,,,,,,,
1517,1645015698009363.0,,,,,,,,,,,,,,,,,,,,,,
1518,1645015698019273.2,,,,,,,,,,,,,,,,,,,,,,
1519,1645015698029301.2,,,,,,,,,,,,,,,,,,,,,,
1520,1645015698039477.0,,,,,,,,,,,,,,,,,,,,,,
1521,1645015698049296.8,,,,,,,,,,,,,,,,,,,,,,
1522,1645015698059386.5,,,,,,,,,,,,,,,,,,,,,,
1523,1645015698069300.5,,,,,,,,,,,,,,,,,,,,,,
1524,1645015698080277.2,,,,,,,,,,,,,,,,,,,,,,
1525,1645015698089391.5,,,,,,,,,,,,,,,,,,,,,,
1526,1645015698099395.2,,,,,,,,,,,,,,,,,,,,,,
1527,1645015698109252.8,,,,,,,,,,,,,,,,,,,,,,
1528,1645015698119325.8,,,,,,,,,,,,,,,,,,,,,,
1529,1645015698129296.0,,,,,,,,,,,,,,,,,,,,,,
1530,1645015698139272.2,,,,,,,,,,,,,,,,,,,,,,
1531,1645015698149336.2,,,,,,,,,,,,,,,,,,,,,,
1532,1645015698159542.2,,,,,,,,,,,,,,,,,,,,,,
1533,1645015698169332.0,,,,,,,,,,,,,,,,,,,,,,
1534,1645015698179340.0,,,,,,,,,,,,,,,,,,,,,,
1535,1645015698189293.5,,,,,,,,,,,,,,,,,,,,,,
1536,1645015698199268.5,,,,,,,,,,,,,,,,,,,,,,
1537,1645015698209361.8,,,,,,,,,,,,,,,,,,,,,,
1538,1645015698219358.8,,,,,,,,,,,,,,,,,,,,,,
1539,1645015698229257.8,,,,,,,,,,,,,,,,,,,,,,
1540,1645015698239634.5,,,,,,,,,,,,,,,,,,,,,,
1541,1645015698249494.0,,,,,,,,,,,,,,,,,,,,,,
1542,1645015698259349.0,,,,,,,,,,,,,,,,,,,,,,
1543,1645015698269257.0,,,,,,,,,,,,,,,,,,,,,,
1544,1645015698279430.0,,,,,,,,,,,,,,,,,,,,,,
1545,1645015698289229.8,,,,,,,,,,,,,,,,,,,,,,
1546,1645015698299437.0,,,,,,,,,,,,,,,,,,,,,,
1547,1645015698309275.8,,,,,,,,,,,,,,,,,,,,,,
1548,1645015698320234.8,,,,,,,,,,,,,,,,,,,,,,
1549,1645015698329223.0,,,,,,,,,,,,,,,,,,,,,,
1550,1645015698339248.0,,,,,,,,,,,,,,,,,,,,,,
1551,1645015698365651.0,,,,,,,,,,,,,,,,,,,,,,
1552,1645015698370116.2,,,,,,,,,,,,,,,,,,,,,,
1553,1645015698371642.0,,,,,,,,,,,,,,,,,,,,,,
1554,1645015698372278.2,,,,,,,,,,,,,,,,,,,,,,
1555,1645015698379651.0,,,,,,,,,,,,,,,,,,,,,,
1556,1645015698389686.0,,,,,,,,,,,,,,,,,,,,,,
1557,1645015698399660.5,,,,,,,,,,,,,,,,,,,,,,
1558,1645015698409449.8,,,,,,,,,,,,,,,,,,,,,,
1559,1645015698419378.2,,,,,,,,,,,,,,,,,,,,,,
1560,1645015698429602.8,,,,,,,,,,,,,,,,,,,,,,
1561,1645015698439360.5,,,,,,,,,,,,,,,,,,,,,,
1562,1645015698449258.8,,,,,,,,,,,,,,,,,,,,,,
1563,1645015698459353.0,,,,,,,,,,,,,,,,,,,,,,
1564,1645015698469294.0,,,,,,,,,,,,,,,,,,,,,,
1565,1645015698479355.0,,,,,,,,,,,,,,,,,,,,,,
1566,1645015698489436.8,,,,,,,,,,,,,,,,,,,,,,
1567,1645015698499394.2,,,,,,,,,,,,,,,,,,,,,,
1568,1645015698509393.8,,,,,,,,,,,,,,,,,,,,,,
1569,1645015698519660.0,,,,,,,,,,,,,,,,,,,,,,
1570,1645015698529282.5,,,,,,,,,,,,,,,,,,,,,,
1571,1645015698540355.8,,,,,,,,,,,,,,,,,,,,,,
1572,1645015698549390.0,,,,,,,,,,,,,,,,,,,,,,
1573,1645015698559504.8,,,,,,,,,,,,,,,,,,,,,,
1574,1645015698569311.5,,,,,,,,,,,,,,,,,,,,,,
1575,1645015698579318.2,,,,,,,,,,,,,,,,,,,,,,
1576,1645015698589419.2,,,,,,,,,,,,,,,,,,,,,,
1577,1645015698599285.0,,,,,,,,,,,,,,,,,,,,,,
1578,1645015698609588.5,,,,,,,,,,,,,,,,,,,,,,
1579,1645015698619349.5,,,,,,,,,,,,,,,,,,,,,,
1580,1645015698629283.0,,,,,,,,,,,,,,,,,,,,,,
1581,1645015698639381.0,,,,,,,,,,,,,,,,,,,,,,
1582,1645015698649545.5,,,,,,,,,,,,,,,,,,,,,,
1583,1645015698659275.5,,,,,,,,,,,,,,,,,,,,,,
1584,1645015698669330.0,,,,,,,,,,,,,,,,,,,,,,
1585,1645015698679364.0,,,,,,,,,,,,,,,,,,,,,,
1586,1645015698689286.5,,,,,,,,,,,,,,,,,,,,,,
1587,1645015698699309.0,,,,,,,,,,,,,,,,,,,,,,
1588,1645015698709378.2,,,,,,,,,,,,,,,,,,,,,,
1589,1645015698719229.5,,,,,,,,,,,,,,,,,,,,,,
1590,1645015698729319.2,,,,,,,,,,,,,,,,,,,,,,
1591,1645015698739483.0,,,,,,,,,,,,,,,,,,,,,,
1592,1645015698749260.5,,,,,,,,,,,,,,,,,,,,,,
1593,1645015698759352.2,,,,,,,,,,,,,,,,,,,,,,
1594,1645015698769410.5,,,,,,,,,,,,,,,,,,,,,,
1595,1645015698779224.5,,,,,,,,,,,,,,,,,,,,,,
1596,1645015698789289.2,,,,,,,,,,,,,,,,,,,,,,
1597,1645015698800000.5,,,,,,,,,,,,,,,,,,,,,,
1598,1645015698809271.5,,,,,,,,,,,,,,,,,,,,,,
1599,1645015698819350.2,,,,,,,,,,,,,,,,,,,,,,
1600,1645015698829352.2,,,,,,,,,,,,,,,,,,,,,,
1601,1645015698839250.5,,,,,,,,,,,,,,,,,,,,,,
1602,1645015698849392.2,,,,,,,,,,,,,,,,,,,,,,
1603,1645015698859474.8,,,,,,,,,,,,,,,,,,,,,,
1604,1645015698869237.2,,,,,,,,,,,,,,,,,,,,,,
1605,1645015698879339.8,,,,,,,,,,,,,,,,,,,,,,
1606,1645015698889375.8,,,,,,,,,,,,,,,,,,,,,,
1607,1645015698899260.8,,,,,,,,,,,,,,,,,,,,,,
1608,1645015698909319.8,,,,,,,,,,,,,,,,,,,,,,
1609,1645015698919570.5,,,,,,,,,,,,,,,,,,,,,,
1610,1645015698929263.0,,,,,,,,,,,,,,,,,,,,,,
1611,1645015698939362.8,,,,,,,,,,,,,,,,,,,,,,
1612,1645015698949437.8,,,,,,,,,,,,,,,,,,,,,,
1613,1645015698959242.8,,,,,,,,,,,,,,,,,,,,,,
1614,1645015698969349.5,,,,,,,,,,,,,,,,,,,,,,
1615,1645015698979622.2,,,,,,,,,,,,,,,,,,,,,,
1616,1645015698990444.8,,,,,,,,,,,,,,,,,,,,,,
1617,1645015698999320.5,,,,,,,,,,,,,,,,,,,,,,
1618,1645015699009403.5,,,,,,,,,,,,,,,,,,,,,,
1619,1645015699019279.2,,,,,,,,,,,,,,,,,,,,,,
1620,1645015699029285.5,,,,,,,,,,,,,,,,,,,,,,
1621,1645015699039393.2,,,,,,,,,,,,,,,,,,,,,,
1622,1645015699049279.8,,,,,,,,,,,,,,,,,,,,,,
1623,1645015699059689.8,,,,,,,,,,,,,,,,,,,,,,
1624,1645015699069333.2,,,,,,,,,,,,,,,,,,,,,,
1625,1645015699080409.8,,,,,,,,,,,,,,,,,,,,,,
1626,1645015699089273.5,,,,,,,,,,,,,,,,,,,,,,
1627,1645015699099426.5,,,,,,,,,,,,,,,,,,,,,,
1628,1645015699109261.0,,,,,,,,,,,,,,,,,,,,,,
1629,1645015699119285.5,,,,,,,,,,,,,,,,,,,,,,
1630,1645015699129264.5,,,,,,,,,,,,,,,,,,,,,,
1631,1645015699140038.0,,,,,,,,,,,,,,,,,,,,,,
1632,1645015699149309.8,,,,,,,,,,,,,,,,,,,,,,
1633,1645015699159619.0,,,,,,,,,,,,,,,,,,,,,,
1634,1645015699169304.0,,,,,,,,,,,,,,,,,,,,,,
1635,1645015699179330.5,,,,,,,,,,,,,,,,,,,,,,
1636,1645015699189251.8,,,,,,,,,,,,,,,,,,,,,,
1637,1645015699199292.0,,,,,,,,,,,,,,,,,,,,,,
1638,1645015699209345.5,,,,,,,,,,,,,,,,,,,,,,
1639,1645015699219457.0,,,,,,,,,,,,,,,,,,,,,,
1640,1645015699229256.8,,,,,,,,,,,,,,,,,,,,,,
1641,1645015699239291.0,,,,,,,,,,,,,,,,,,,,,,
1642,1645015699249282.0,,,,,,,,,,,,,,,,,,,,,,
1643,1645015699259229.0,,,,,,,,,,,,,,,,,,,,,,
1644,1645015699269299.5,,,,,,,,,,,,,,,,,,,,,,
1645,1645015699279411.8,,,,,,,,,,,,,,,,,,,,,,
1646,1645015699289241.0,,,,,,,,,,,,,,,,,,,,,,
1647,1645015699299338.2,,,,,,,,,,,,,,,,,,,,,,
1648,1645015699309294.8,,,,,,,,,,,,,,,,,,,,,,
1649,1645015699319345.5,,,,,,,,,,,,,,,,,,,,,,
1650,1645015699329298.0,,,,,,,,,,,,,,,,,,,,,,
1651,1645015699339407.2,,,,,,,,,,,,,,,,,,,,,,
1652,1645015699376389.5,,,,,,,,,,,,,,,,,,,,,,
1653,1645015699379727.0,,,,,,,,,,,,,,,,,,,,,,
1654,1645015699381082.0,,,,,,,,,,,,,,,,,,,,,,
1655,1645015699381631.0,,,,,,,,,,,,,,,,,,,,,,
1656,1645015699382127.8,,,,,,,,,,,,,,,,,,,,,,
1657,1645015699389675.5,,,,,,,,,,,,,,,,,,,,,,
1658,1645015699399475.5,,,,,,,,,,,,,,,,,,,,,,
1659,1645015699409506.0,,,,,,,,,,,,,,,,,,,,,,
1660,1645015699419829.8,,,,,,,,,,,,,,,,,,,,,,
1661,1645015699429558.8,,,,,,,,,,,,,,,,,,,,,,
1662,1645015699440130.2,,,,,,,,,,,,,,,,,,,,,,
1663,1645015699449265.0,,,,,,,,,,,,,,,,,,,,,,
1664,1645015699459328.0,,,,,,,,,,,,,,,,,,,,,,
1665,1645015699469243.8,,,,,,,,,,,,,,,,,,,,,,
1666,1645015699479247.2,,,,,,,,,,,,,,,,,,,,,,
1667,1645015699489484.5,,,,,,,,,,,,,,,,,,,,,,
1668,1645015699499280.5,,,,,,,,,,,,,,,,,,,,,,
1669,1645015699509494.2,,,,,,,,,,,,,,,,,,,,,,
1670,1645015699519535.8,,,,,,,,,,,,,,,,,,,,,,
1671,1645015699529250.8,,,,,,,,,,,,,,,,,,,,,,
1672,1645015699540066.0,,,,,,,,,,,,,,,,,,,,,,
1673,1645015699549337.0,,,,,,,,,,,,,,,,,,,,,,
1674,1645015699559310.8,,,,,,,,,,,,,,,,,,,,,,
1675,1645015699569234.5,,,,,,,,,,,,,,,,,,,,,,
1676,1645015699579349.0,,,,,,,,,,,,,,,,,,,,,,
1677,1645015699589203.5,,,,,,,,,,,,,,,,,,,,,,
1678,1645015699599265.8,,,,,,,,,,,,,,,,,,,,,,
1679,1645015699609538.8,,,,,,,,,,,,,,,,,,,,,,
1680,1645015699619549.8,,,,,,,,,,,,,,,,,,,,,,
1681,1645015699629242.0,,,,,,,,,,,,,,,,,,,,,,
1682,1645015699639356.0,,,,,,,,,,,,,,,,,,,,,,
1683,1645015699649275.5,,,,,,,,,,,,,,,,,,,,,,
1684,1645015699659327.5,,,,,,,,,,,,,,,,,,,,,,
1685,1645015699669355.5,,,,,,,,,,,,,,,,,,,,,,
1686,1645015699679304.8,,,,,,,,,,,,,,,,,,,,,,
1687,1645015699689354.0,,,,,,,,,,,,,,,,,,,,,,
1688,1645015699699330.5,,,,,,,,,,,,,,,,,,,,,,
1689,1645015699709284.0,,,,,,,,,,,,,,,,,,,,,,
1690,1645015699719253.5,,,,,,,,,,,,,,,,,,,,,,
1691,1645015699729330.2,,,,,,,,,,,,,,,,,,,,,,
1692,1645015699739992.5,,,,,,,,,,,,,,,,,,,,,,
1693,1645015699749247.8,,,,,,,,,,,,,,,,,,,,,,
1694,1645015699759359.5,,,,,,,,,,,,,,,,,,,,,,
1695,1645015699769391.8,,,,,,,,,,,,,,,,,,,,,,
1696,1645015699779201.0,,,,,,,,,,,,,,,,,,,,,,
1697,1645015699789350.8,,,,,,,,,,,,,,,,,,,,,,
1698,1645015699799327.5,,,,,,,,,,,,,,,,,,,,,,
1699,1645015699809194.2,,,,,,,,,,,,,,,,,,,,,,
1700,1645015699819336.0,,,,,,,,,,,,,,,,,,,,,,
1701,1645015699829389.5,,,,,,,,,,,,,,,,,,,,,,
1702,1645015699839222.8,,,,,,,,,,,,,,,,,,,,,,
1703,1645015699849472.0,,,,,,,,,,,,,,,,,,,,,,
1704,1645015699859482.5,,,,,,,,,,,,,,,,,,,,,,
1705,1645015699869223.0,,,,,,,,,,,,,,,,,,,,,,
1706,1645015699879413.8,,,,,,,,,,,,,,,,,,,,,,
1707,1645015699889449.0,,,,,,,,,,,,,,,,,,,,,,
1708,1645015699899647.0,,,,,,,,,,,,,,,,,,,,,,
1709,1645015699909390.8,,,,,,,,,,,,,,,,,,,,,,
1710,1645015699919595.5,,,,,,,,,,,,,,,,,,,,,,
1711,1645015699929242.0,,,,,,,,,,,,,,,,,,,,,,
1712,1645015699939315.2,,,,,,,,,,,,,,,,,,,,,,
1713,1645015699949424.8,,,,,,,,,,,,,,,,,,,,,,
1714,1645015699959250.5,,,,,,,,,,,,,,,,,,,,,,
1715,1645015699969323.8,,,,,,,,,,,,,,,,,,,,,,
1716,1645015699979456.8,,,,,,,,,,,,,,,,,,,,,,
1717,1645015699990449.8,,,,,,,,,,,,,,,,,,,,,,
1718,1645015699999362.8,,,,,,,,,,,,,,,,,,,,,,
1719,1645015700009427.5,,,,,,,,,,,,,,,,,,,,,,
1720,1645015700019283.0,,,,,,,,,,,,,,,,,,,,,,
1721,1645015700029233.8,,,,,,,,,,,,,,,,,,,,,,
1722,1645015700039525.2,,,,,,,,,,,,,,,,,,,,,,
1723,1645015700049273.0,,,,,,,,,,,,,,,,,,,,,,
1724,1645015700059369.0,,,,,,,,,,,,,,,,,,,,,,
1725,1645015700069348.8,,,,,,,,,,,,,,,,,,,,,,
1726,1645015700080402.2,,,,,,,,,,,,,,,,,,,,,,
1727,1645015700089269.2,,,,,,,,,,,,,,,,,,,,,,
1728,1645015700099528.0,,,,,,,,,,,,,,,,,,,,,,
1729,1645015700109247.8,,,,,,,,,,,,,,,,,,,,,,
1730,1645015700119339.5,,,,,,,,,,,,,,,,,,,,,,
1731,1645015700129345.2,,,,,,,,,,,,,,,,,,,,,,
1732,1645015700139246.2,,,,,,,,,,,,,,,,,,,,,,
1733,1645015700149357.8,,,,,,,,,,,,,,,,,,,,,,
1734,1645015700163092.2,,,,,,,,,,,,,,,,,,,,,,
1735,1645015700169278.2,,,,,,,,,,,,,,,,,,,,,,
1736,1645015700179307.5,,,,,,,,,,,,,,,,,,,,,,
1737,1645015700189285.5,,,,,,,,,,,,,,,,,,,,,,
1738,1645015700199253.8,,,,,,,,,,,,,,,,,,,,,,
1739,1645015700209378.8,,,,,,,,,,,,,,,,,,,,,,
1740,1645015700219326.2,,,,,,,,,,,,,,,,,,,,,,
1741,1645015700229241.2,,,,,,,,,,,,,,,,,,,,,,
1742,1645015700239726.2,,,,,,,,,,,,,,,,,,,,,,
1743,1645015700249323.2,,,,,,,,,,,,,,,,,,,,,,
1744,1645015700259238.8,,,,,,,,,,,,,,,,,,,,,,
1745,1645015700269296.5,,,,,,,,,,,,,,,,,,,,,,
1746,1645015700279389.2,,,,,,,,,,,,,,,,,,,,,,
1747,1645015700289272.5,,,,,,,,,,,,,,,,,,,,,,
1748,1645015700299316.0,,,,,,,,,,,,,,,,,,,,,,
1749,1645015700309288.5,,,,,,,,,,,,,,,,,,,,,,
1750,1645015700319385.5,,,,,,,,,,,,,,,,,,,,,,
1751,1645015700329306.2,,,,,,,,,,,,,,,,,,,,,,
1752,1645015700364176.2,,,,,,,,,,,,,,,,,,,,,,
1753,1645015700366365.8,,,,,,,,,,,,,,,,,,,,,,
1754,1645015700369942.0,,,,,,,,,,,,,,,,,,,,,,
1755,1645015700371511.0,,,,,,,,,,,,,,,,,,,,,,
1756,1645015700372242.0,,,,,,,,,,,,,,,,,,,,,,
1757,1645015700379696.5,,,,,,,,,,,,,,,,,,,,,,
1758,1645015700389698.2,,,,,,,,,,,,,,,,,,,,,,
1759,1645015700399404.0,,,,,,,,,,,,,,,,,,,,,,
1760,1645015700409492.5,,,,,,,,,,,,,,,,,,,,,,
1761,1645015700419433.5,,,,,,,,,,,,,,,,,,,,,,
1762,1645015700429597.0,,,,,,,,,,,,,,,,,,,,,,
1763,1645015700439473.5,,,,,,,,,,,,,,,,,,,,,,
1764,1645015700449349.0,,,,,,,,,,,,,,,,,,,,,,
1765,1645015700459349.8,,,,,,,,,,,,,,,,,,,,,,
1766,1645015700469254.0,,,,,,,,,,,,,,,,,,,,,,
1767,1645015700479298.0,,,,,,,,,,,,,,,,,,,,,,
1768,1645015700489505.8,,,,,,,,,,,,,,,,,,,,,,
1769,1645015700499237.8,,,,,,,,,,,,,,,,,,,,,,
1770,1645015700509360.8,,,,,,,,,,,,,,,,,,,,,,
1771,1645015700519477.2,,,,,,,,,,,,,,,,,,,,,,
1772,1645015700529238.8,,,,,,,,,,,,,,,,,,,,,,
1773,1645015700540410.8,,,,,,,,,,,,,,,,,,,,,,
1774,1645015700549665.8,,,,,,,,,,,,,,,,,,,,,,
1775,1645015700559276.8,,,,,,,,,,,,,,,,,,,,,,
1776,1645015700569244.0,,,,,,,,,,,,,,,,,,,,,,
1777,1645015700579308.5,,,,,,,,,,,,,,,,,,,,,,
1778,1645015700589253.2,,,,,,,,,,,,,,,,,,,,,,
1779,1645015700599790.2,,,,,,,,,,,,,,,,,,,,,,
1780,1645015700609331.2,,,,,,,,,,,,,,,,,,,,,,
1781,1645015700619246.8,,,,,,,,,,,,,,,,,,,,,,
1782,1645015700629239.0,,,,,,,,,,,,,,,,,,,,,,
1783,1645015700639531.0,,,,,,,,,,,,,,,,,,,,,,
1784,1645015700649256.0,,,,,,,,,,,,,,,,,,,,,,
1785,1645015700660169.2,,,,,,,,,,,,,,,,,,,,,,
1786,1645015700669275.0,,,,,,,,,,,,,,,,,,,,,,
1787,1645015700679264.5,,,,,,,,,,,,,,,,,,,,,,
1788,1645015700689487.2,,,,,,,,,,,,,,,,,,,,,,
1789,1645015700699366.0,,,,,,,,,,,,,,,,,,,,,,
1790,1645015700709216.8,,,,,,,,,,,,,,,,,,,,,,
1791,1645015700719284.2,,,,,,,,,,,,,,,,,,,,,,
1792,1645015700729228.8,,,,,,,,,,,,,,,,,,,,,,
1793,1645015700739261.8,,,,,,,,,,,,,,,,,,,,,,
1794,1645015700749229.0,,,,,,,,,,,,,,,,,,,,,,
1795,1645015700759283.0,,,,,,,,,,,,,,,,,,,,,,
1796,1645015700769269.2,,,,,,,,,,,,,,,,,,,,,,
1797,1645015700779210.2,,,,,,,,,,,,,,,,,,,,,,
1798,1645015700789214.5,,,,,,,,,,,,,,,,,,,,,,
1799,1645015700799277.8,,,,,,,,,,,,,,,,,,,,,,
1800,1645015700809207.0,,,,,,,,,,,,,,,,,,,,,,
1801,1645015700819209.8,,,,,,,,,,,,,,,,,,,,,,
1802,1645015700829247.5,,,,,,,,,,,,,,,,,,,,,,
1803,1645015700843647.5,,,,,,,,,,,,,,,,,,,,,,
1804,1645015700849335.2,,,,,,,,,,,,,,,,,,,,,,
1805,1645015700859293.8,,,,,,,,,,,,,,,,,,,,,,
1806,1645015700869265.0,,,,,,,,,,,,,,,,,,,,,,
1807,1645015700879264.0,,,,,,,,,,,,,,,,,,,,,,
1808,1645015700889222.5,,,,,,,,,,,,,,,,,,,,,,
1809,1645015700899247.0,,,,,,,,,,,,,,,,,,,,,,
1810,1645015700909216.5,,,,,,,,,,,,,,,,,,,,,,
1811,1645015700919232.2,,,,,,,,,,,,,,,,,,,,,,
1812,1645015700929254.5,,,,,,,,,,,,,,,,,,,,,,
1813,1645015700940329.2,,,,,,,,,,,,,,,,,,,,,,
1814,1645015700949311.0,,,,,,,,,,,,,,,,,,,,,,
1815,1645015700959255.8,,,,,,,,,,,,,,,,,,,,,,
1816,1645015700969364.8,,,,,,,,,,,,,,,,,,,,,,
1817,1645015700979315.2,,,,,,,,,,,,,,,,,,,,,,
1818,1645015700990941.2,,,,,,,,,,,,,,,,,,,,,,
1819,1645015700999301.8,,,,,,,,,,,,,,,,,,,,,,
1820,1645015701009305.5,,,,,,,,,,,,,,,,,,,,,,
1821,1645015701019206.2,,,,,,,,,,,,,,,,,,,,,,
1822,1645015701029289.2,,,,,,,,,,,,,,,,,,,,,,
1823,1645015701039283.5,,,,,,,,,,,,,,,,,,,,,,
1824,1645015701049262.5,,,,,,,,,,,,,,,,,,,,,,
1825,1645015701059212.5,,,,,,,,,,,,,,,,,,,,,,
1826,1645015701069255.5,,,,,,,,,,,,,,,,,,,,,,
1827,1645015701080345.0,,,,,,,,,,,,,,,,,,,,,,
1828,1645015701089269.0,,,,,,,,,,,,,,,,,,,,,,
1829,1645015701099366.0,,,,,,,,,,,,,,,,,,,,,,
1830,1645015701109203.8,,,,,,,,,,,,,,,,,,,,,,
1831,1645015701119255.0,,,,,,,,,,,,,,,,,,,,,,
1832,1645015701129304.5,,,,,,,,,,,,,,,,,,,,,,
1833,1645015701139225.0,,,,,,,,,,,,,,,,,,,,,,
1834,1645015701149281.5,,,,,,,,,,,,,,,,,,,,,,
1835,1645015701159546.0,,,,,,,,,,,,,,,,,,,,,,
1836,1645015701169233.2,,,,,,,,,,,,,,,,,,,,,,
1837,1645015701179183.8,,,,,,,,,,,,,,,,,,,,,,
1838,1645015701189255.2,,,,,,,,,,,,,,,,,,,,,,
1839,1645015701199478.8,,,,,,,,,,,,,,,,,,,,,,
1840,1645015701209383.2,,,,,,,,,,,,,,,,,,,,,,
1841,1645015701219393.2,,,,,,,,,,,,,,,,,,,,,,
1842,1645015701229264.5,,,,,,,,,,,,,,,,,,,,,,
